,map,x,y,theta,velocity
0,porto,0.0,0.0,0.0,0.0
1,porto,0.0,0.0,0.0,0.0
2,porto,0.0,0.0,0.0,0.0
3,porto,0.0,0.0,0.0,0.0
4,porto,0.0,0.0,0.0,0.0
5,porto,0.0,0.0,0.0,0.0
6,porto,0.0,0.0,0.0,0.0
7,porto,0.0,0.0,0.0,0.0
8,porto,0.0,0.0,0.0,0.0
9,porto,0.03840990669555702,-0.0005558756495588666,6.2787913896344865,0.9023581575626134
10,porto,0.03840990669555702,-0.0005558756495588666,6.2787913896344865,0.9023581575626134
11,porto,0.03840990669555702,-0.0005558756495588666,6.2787913896344865,0.9023581575626134
12,porto,0.03840990669555702,-0.0005558756495588666,6.2787913896344865,0.9023581575626134
13,porto,0.03840990669555702,-0.0005558756495588666,6.2787913896344865,0.9023581575626134
14,porto,0.03840990669555702,-0.0005558756495588666,6.2787913896344865,0.9023581575626134
15,porto,0.03840990669555702,-0.0005558756495588666,6.2787913896344865,0.9023581575626134
16,porto,0.03840990669555702,-0.0005558756495588666,6.2787913896344865,0.9023581575626134
17,porto,0.03840990669555702,-0.0005558756495588666,6.2787913896344865,0.9023581575626134
18,porto,0.03840990669555702,-0.0005558756495588666,6.2787913896344865,0.9023581575626134
19,porto,0.17137079646163927,-0.0048327690243501085,6.261846236454507,1.853358157562613
20,porto,0.17137079646163927,-0.0048327690243501085,6.261846236454507,1.853358157562613
21,porto,0.17137079646163927,-0.0048327690243501085,6.261846236454507,1.853358157562613
22,porto,0.17137079646163927,-0.0048327690243501085,6.261846236454507,1.853358157562613
23,porto,0.17137079646163927,-0.0048327690243501085,6.261846236454507,1.853358157562613
24,porto,0.17137079646163927,-0.0048327690243501085,6.261846236454507,1.853358157562613
25,porto,0.17137079646163927,-0.0048327690243501085,6.261846236454507,1.853358157562613
26,porto,0.17137079646163927,-0.0048327690243501085,6.261846236454507,1.853358157562613
27,porto,0.17137079646163927,-0.0048327690243501085,6.261846236454507,1.853358157562613
28,porto,0.17137079646163927,-0.0048327690243501085,6.261846236454507,1.853358157562613
29,porto,0.39925991766877095,-0.015280146520051373,6.238100760088518,2.804358157562613
30,porto,0.39925991766877095,-0.015280146520051373,6.238100760088518,2.804358157562613
31,porto,0.39925991766877095,-0.015280146520051373,6.238100760088518,2.804358157562613
32,porto,0.39925991766877095,-0.015280146520051373,6.238100760088518,2.804358157562613
33,porto,0.39925991766877095,-0.015280146520051373,6.238100760088518,2.804358157562613
34,porto,0.39925991766877095,-0.015280146520051373,6.238100760088518,2.804358157562613
35,porto,0.39925991766877095,-0.015280146520051373,6.238100760088518,2.804358157562613
36,porto,0.39925991766877095,-0.015280146520051373,6.238100760088518,2.804358157562613
37,porto,0.39925991766877095,-0.015280146520051373,6.238100760088518,2.804358157562613
38,porto,0.39925991766877095,-0.015280146520051373,6.238100760088518,2.804358157562613
39,porto,0.7194158030555474,-0.035826048196388155,6.209728987936174,3.639471754659502
40,porto,0.7194158030555474,-0.035826048196388155,6.209728987936174,3.639471754659502
41,porto,0.7194158030555474,-0.035826048196388155,6.209728987936174,3.639471754659502
42,porto,0.7194158030555474,-0.035826048196388155,6.209728987936174,3.639471754659502
43,porto,0.7194158030555474,-0.035826048196388155,6.209728987936174,3.639471754659502
44,porto,0.7194158030555474,-0.035826048196388155,6.209728987936174,3.639471754659502
45,porto,0.7194158030555474,-0.035826048196388155,6.209728987936174,3.639471754659502
46,porto,0.7194158030555474,-0.035826048196388155,6.209728987936174,3.639471754659502
47,porto,0.7194158030555474,-0.035826048196388155,6.209728987936174,3.639471754659502
48,porto,0.7194158030555474,-0.035826048196388155,6.209728987936174,3.639471754659502
49,porto,1.1075177710780433,-0.07015360422149235,6.172667279609456,4.163564955607976
50,porto,1.1075177710780433,-0.07015360422149235,6.172667279609456,4.163564955607976
51,porto,1.1075177710780433,-0.07015360422149235,6.172667279609456,4.163564955607976
52,porto,1.1075177710780433,-0.07015360422149235,6.172667279609456,4.163564955607976
53,porto,1.1075177710780433,-0.07015360422149235,6.172667279609456,4.163564955607976
54,porto,1.1075177710780433,-0.07015360422149235,6.172667279609456,4.163564955607976
55,porto,1.1075177710780433,-0.07015360422149235,6.172667279609456,4.163564955607976
56,porto,1.1075177710780433,-0.07015360422149235,6.172667279609456,4.163564955607976
57,porto,1.1075177710780433,-0.07015360422149235,6.172667279609456,4.163564955607976
58,porto,1.1075177710780433,-0.07015360422149235,6.172667279609456,4.163564955607976
59,porto,1.5365718189036657,-0.12108345520683013,6.141985956988555,4.484414918693667
60,porto,1.5365718189036657,-0.12108345520683013,6.141985956988555,4.484414918693667
61,porto,1.5365718189036657,-0.12108345520683013,6.141985956988555,4.484414918693667
62,porto,1.5365718189036657,-0.12108345520683013,6.141985956988555,4.484414918693667
63,porto,1.5365718189036657,-0.12108345520683013,6.141985956988555,4.484414918693667
64,porto,1.5365718189036657,-0.12108345520683013,6.141985956988555,4.484414918693667
65,porto,1.5365718189036657,-0.12108345520683013,6.141985956988555,4.484414918693667
66,porto,1.5365718189036657,-0.12108345520683013,6.141985956988555,4.484414918693667
67,porto,1.5365718189036657,-0.12108345520683013,6.141985956988555,4.484414918693667
68,porto,1.5365718189036657,-0.12108345520683013,6.141985956988555,4.484414918693667
69,porto,1.9903031461362408,-0.18307722063248247,6.140455516558926,4.678407095911054
70,porto,1.9903031461362408,-0.18307722063248247,6.140455516558926,4.678407095911054
71,porto,1.9903031461362408,-0.18307722063248247,6.140455516558926,4.678407095911054
72,porto,1.9903031461362408,-0.18307722063248247,6.140455516558926,4.678407095911054
73,porto,1.9903031461362408,-0.18307722063248247,6.140455516558926,4.678407095911054
74,porto,1.9903031461362408,-0.18307722063248247,6.140455516558926,4.678407095911054
75,porto,1.9903031461362408,-0.18307722063248247,6.140455516558926,4.678407095911054
76,porto,1.9903031461362408,-0.18307722063248247,6.140455516558926,4.678407095911054
77,porto,1.9903031461362408,-0.18307722063248247,6.140455516558926,4.678407095911054
78,porto,1.9903031461362408,-0.18307722063248247,6.140455516558926,4.678407095911054
79,porto,2.459592479505797,-0.24668009030860885,6.159445813818634,4.795555963473811
80,porto,2.459592479505797,-0.24668009030860885,6.159445813818634,4.795555963473811
81,porto,2.459592479505797,-0.24668009030860885,6.159445813818634,4.795555963473811
82,porto,2.459592479505797,-0.24668009030860885,6.159445813818634,4.795555963473811
83,porto,2.459592479505797,-0.24668009030860885,6.159445813818634,4.795555963473811
84,porto,2.459592479505797,-0.24668009030860885,6.159445813818634,4.795555963473811
85,porto,2.459592479505797,-0.24668009030860885,6.159445813818634,4.795555963473811
86,porto,2.459592479505797,-0.24668009030860885,6.159445813818634,4.795555963473811
87,porto,2.459592479505797,-0.24668009030860885,6.159445813818634,4.795555963473811
88,porto,2.459592479505797,-0.24668009030860885,6.159445813818634,4.795555963473811
89,porto,2.939146617364129,-0.30495004895728944,6.179329645085171,4.86760983823243
90,porto,2.939146617364129,-0.30495004895728944,6.179329645085171,4.86760983823243
91,porto,2.939146617364129,-0.30495004895728944,6.179329645085171,4.86760983823243
92,porto,2.939146617364129,-0.30495004895728944,6.179329645085171,4.86760983823243
93,porto,2.939146617364129,-0.30495004895728944,6.179329645085171,4.86760983823243
94,porto,2.939146617364129,-0.30495004895728944,6.179329645085171,4.86760983823243
95,porto,2.939146617364129,-0.30495004895728944,6.179329645085171,4.86760983823243
96,porto,2.939146617364129,-0.30495004895728944,6.179329645085171,4.86760983823243
97,porto,2.939146617364129,-0.30495004895728944,6.179329645085171,4.86760983823243
98,porto,2.939146617364129,-0.30495004895728944,6.179329645085171,4.86760983823243
99,porto,3.425353587713014,-0.35952350556030255,6.166964217820707,4.918642960057709
100,porto,3.425353587713014,-0.35952350556030255,6.166964217820707,4.918642960057709
101,porto,3.425353587713014,-0.35952350556030255,6.166964217820707,4.918642960057709
102,porto,3.425353587713014,-0.35952350556030255,6.166964217820707,4.918642960057709
103,porto,3.425353587713014,-0.35952350556030255,6.166964217820707,4.918642960057709
104,porto,3.425353587713014,-0.35952350556030255,6.166964217820707,4.918642960057709
105,porto,3.425353587713014,-0.35952350556030255,6.166964217820707,4.918642960057709
106,porto,3.425353587713014,-0.35952350556030255,6.166964217820707,4.918642960057709
107,porto,3.425353587713014,-0.35952350556030255,6.166964217820707,4.918642960057709
108,porto,3.425353587713014,-0.35952350556030255,6.166964217820707,4.918642960057709
109,porto,3.9143472878912755,-0.425089783921887,6.105081831770137,4.949956262422829
110,porto,3.9143472878912755,-0.425089783921887,6.105081831770137,4.949956262422829
111,porto,3.9143472878912755,-0.425089783921887,6.105081831770137,4.949956262422829
112,porto,3.9143472878912755,-0.425089783921887,6.105081831770137,4.949956262422829
113,porto,3.9143472878912755,-0.425089783921887,6.105081831770137,4.949956262422829
114,porto,3.9143472878912755,-0.425089783921887,6.105081831770137,4.949956262422829
115,porto,3.9143472878912755,-0.425089783921887,6.105081831770137,4.949956262422829
116,porto,3.9143472878912755,-0.425089783921887,6.105081831770137,4.949956262422829
117,porto,3.9143472878912755,-0.425089783921887,6.105081831770137,4.949956262422829
118,porto,3.9143472878912755,-0.425089783921887,6.105081831770137,4.949956262422829
119,porto,4.402214124211911,-0.513817908102526,6.044416493175281,4.968992727729227
120,porto,4.402214124211911,-0.513817908102526,6.044416493175281,4.968992727729227
121,porto,4.402214124211911,-0.513817908102526,6.044416493175281,4.968992727729227
122,porto,4.402214124211911,-0.513817908102526,6.044416493175281,4.968992727729227
123,porto,4.402214124211911,-0.513817908102526,6.044416493175281,4.968992727729227
124,porto,4.402214124211911,-0.513817908102526,6.044416493175281,4.968992727729227
125,porto,4.402214124211911,-0.513817908102526,6.044416493175281,4.968992727729227
126,porto,4.402214124211911,-0.513817908102526,6.044416493175281,4.968992727729227
127,porto,4.402214124211911,-0.513817908102526,6.044416493175281,4.968992727729227
128,porto,4.402214124211911,-0.513817908102526,6.044416493175281,4.968992727729227
129,porto,4.885176015042271,-0.6325772164077603,5.9562940236508695,4.980852935422258
130,porto,4.885176015042271,-0.6325772164077603,5.9562940236508695,4.980852935422258
131,porto,4.885176015042271,-0.6325772164077603,5.9562940236508695,4.980852935422258
132,porto,4.885176015042271,-0.6325772164077603,5.9562940236508695,4.980852935422258
133,porto,4.885176015042271,-0.6325772164077603,5.9562940236508695,4.980852935422258
134,porto,4.885176015042271,-0.6325772164077603,5.9562940236508695,4.980852935422258
135,porto,4.885176015042271,-0.6325772164077603,5.9562940236508695,4.980852935422258
136,porto,4.885176015042271,-0.6325772164077603,5.9562940236508695,4.980852935422258
137,porto,4.885176015042271,-0.6325772164077603,5.9562940236508695,4.980852935422258
138,porto,4.885176015042271,-0.6325772164077603,5.9562940236508695,4.980852935422258
139,porto,5.354187948142446,-0.8000523671733137,5.7718816096054155,4.988021597254431
140,porto,5.354187948142446,-0.8000523671733137,5.7718816096054155,4.988021597254431
141,porto,5.354187948142446,-0.8000523671733137,5.7718816096054155,4.988021597254431
142,porto,5.354187948142446,-0.8000523671733137,5.7718816096054155,4.988021597254431
143,porto,5.354187948142446,-0.8000523671733137,5.7718816096054155,4.988021597254431
144,porto,5.354187948142446,-0.8000523671733137,5.7718816096054155,4.988021597254431
145,porto,5.354187948142446,-0.8000523671733137,5.7718816096054155,4.988021597254431
146,porto,5.354187948142446,-0.8000523671733137,5.7718816096054155,4.988021597254431
147,porto,5.354187948142446,-0.8000523671733137,5.7718816096054155,4.988021597254431
148,porto,5.354187948142446,-0.8000523671733137,5.7718816096054155,4.988021597254431
149,porto,5.780284412787025,-1.0568175421503208,5.443915877419814,4.991996990136615
150,porto,5.780284412787025,-1.0568175421503208,5.443915877419814,4.991996990136615
151,porto,5.780284412787025,-1.0568175421503208,5.443915877419814,4.991996990136615
152,porto,5.780284412787025,-1.0568175421503208,5.443915877419814,4.991996990136615
153,porto,5.780284412787025,-1.0568175421503208,5.443915877419814,4.991996990136615
154,porto,5.780284412787025,-1.0568175421503208,5.443915877419814,4.991996990136615
155,porto,5.780284412787025,-1.0568175421503208,5.443915877419814,4.991996990136615
156,porto,5.780284412787025,-1.0568175421503208,5.443915877419814,4.991996990136615
157,porto,5.780284412787025,-1.0568175421503208,5.443915877419814,4.991996990136615
158,porto,5.780284412787025,-1.0568175421503208,5.443915877419814,4.991996990136615
159,porto,6.108159488922947,-1.4301138545906185,5.055339016260443,4.993970828303635
160,porto,6.108159488922947,-1.4301138545906185,5.055339016260443,4.993970828303635
161,porto,6.108159488922947,-1.4301138545906185,5.055339016260443,4.993970828303635
162,porto,6.108159488922947,-1.4301138545906185,5.055339016260443,4.993970828303635
163,porto,6.108159488922947,-1.4301138545906185,5.055339016260443,4.993970828303635
164,porto,6.108159488922947,-1.4301138545906185,5.055339016260443,4.993970828303635
165,porto,6.108159488922947,-1.4301138545906185,5.055339016260443,4.993970828303635
166,porto,6.108159488922947,-1.4301138545906185,5.055339016260443,4.993970828303635
167,porto,6.108159488922947,-1.4301138545906185,5.055339016260443,4.993970828303635
168,porto,6.108159488922947,-1.4301138545906185,5.055339016260443,4.993970828303635
169,porto,6.2759685511839765,-1.8840509821096143,4.6014979678467745,4.788867663656744
170,porto,6.2759685511839765,-1.8840509821096143,4.6014979678467745,4.788867663656744
171,porto,6.2759685511839765,-1.8840509821096143,4.6014979678467745,4.788867663656744
172,porto,6.2759685511839765,-1.8840509821096143,4.6014979678467745,4.788867663656744
173,porto,6.2759685511839765,-1.8840509821096143,4.6014979678467745,4.788867663656744
174,porto,6.2759685511839765,-1.8840509821096143,4.6014979678467745,4.788867663656744
175,porto,6.2759685511839765,-1.8840509821096143,4.6014979678467745,4.788867663656744
176,porto,6.2759685511839765,-1.8840509821096143,4.6014979678467745,4.788867663656744
177,porto,6.2759685511839765,-1.8840509821096143,4.6014979678467745,4.788867663656744
178,porto,6.2759685511839765,-1.8840509821096143,4.6014979678467745,4.788867663656744
179,porto,6.244030630169004,-2.354097271655703,4.207124714688161,4.722091154510869
180,porto,6.244030630169004,-2.354097271655703,4.207124714688161,4.722091154510869
181,porto,6.244030630169004,-2.354097271655703,4.207124714688161,4.722091154510869
182,porto,6.244030630169004,-2.354097271655703,4.207124714688161,4.722091154510869
183,porto,6.244030630169004,-2.354097271655703,4.207124714688161,4.722091154510869
184,porto,6.244030630169004,-2.354097271655703,4.207124714688161,4.722091154510869
185,porto,6.244030630169004,-2.354097271655703,4.207124714688161,4.722091154510869
186,porto,6.244030630169004,-2.354097271655703,4.207124714688161,4.722091154510869
187,porto,6.244030630169004,-2.354097271655703,4.207124714688161,4.722091154510869
188,porto,6.244030630169004,-2.354097271655703,4.207124714688161,4.722091154510869
189,porto,6.029889381332235,-2.7713315633406506,3.8906678094325247,4.713464710959576
190,porto,6.029889381332235,-2.7713315633406506,3.8906678094325247,4.713464710959576
191,porto,6.029889381332235,-2.7713315633406506,3.8906678094325247,4.713464710959576
192,porto,6.029889381332235,-2.7713315633406506,3.8906678094325247,4.713464710959576
193,porto,6.029889381332235,-2.7713315633406506,3.8906678094325247,4.713464710959576
194,porto,6.029889381332235,-2.7713315633406506,3.8906678094325247,4.713464710959576
195,porto,6.029889381332235,-2.7713315633406506,3.8906678094325247,4.713464710959576
196,porto,6.029889381332235,-2.7713315633406506,3.8906678094325247,4.713464710959576
197,porto,6.029889381332235,-2.7713315633406506,3.8906678094325247,4.713464710959576
198,porto,6.029889381332235,-2.7713315633406506,3.8906678094325247,4.713464710959576
199,porto,5.692023491777818,-3.096494779837462,3.609221748439632,4.696331973196408
200,porto,5.692023491777818,-3.096494779837462,3.609221748439632,4.696331973196408
201,porto,5.692023491777818,-3.096494779837462,3.609221748439632,4.696331973196408
202,porto,5.692023491777818,-3.096494779837462,3.609221748439632,4.696331973196408
203,porto,5.692023491777818,-3.096494779837462,3.609221748439632,4.696331973196408
204,porto,5.692023491777818,-3.096494779837462,3.609221748439632,4.696331973196408
205,porto,5.692023491777818,-3.096494779837462,3.609221748439632,4.696331973196408
206,porto,5.692023491777818,-3.096494779837462,3.609221748439632,4.696331973196408
207,porto,5.692023491777818,-3.096494779837462,3.609221748439632,4.696331973196408
208,porto,5.692023491777818,-3.096494779837462,3.609221748439632,4.696331973196408
209,porto,5.280339181732572,-3.320630523000688,3.3812162271709068,4.707021373282386
210,porto,5.280339181732572,-3.320630523000688,3.3812162271709068,4.707021373282386
211,porto,5.280339181732572,-3.320630523000688,3.3812162271709068,4.707021373282386
212,porto,5.280339181732572,-3.320630523000688,3.3812162271709068,4.707021373282386
213,porto,5.280339181732572,-3.320630523000688,3.3812162271709068,4.707021373282386
214,porto,5.280339181732572,-3.320630523000688,3.3812162271709068,4.707021373282386
215,porto,5.280339181732572,-3.320630523000688,3.3812162271709068,4.707021373282386
216,porto,5.280339181732572,-3.320630523000688,3.3812162271709068,4.707021373282386
217,porto,5.280339181732572,-3.320630523000688,3.3812162271709068,4.707021373282386
218,porto,5.280339181732572,-3.320630523000688,3.3812162271709068,4.707021373282386
219,porto,4.823301612225585,-3.4321753384676286,3.157909696140729,4.726502689646015
220,porto,4.823301612225585,-3.4321753384676286,3.157909696140729,4.726502689646015
221,porto,4.823301612225585,-3.4321753384676286,3.157909696140729,4.726502689646015
222,porto,4.823301612225585,-3.4321753384676286,3.157909696140729,4.726502689646015
223,porto,4.823301612225585,-3.4321753384676286,3.157909696140729,4.726502689646015
224,porto,4.823301612225585,-3.4321753384676286,3.157909696140729,4.726502689646015
225,porto,4.823301612225585,-3.4321753384676286,3.157909696140729,4.726502689646015
226,porto,4.823301612225585,-3.4321753384676286,3.157909696140729,4.726502689646015
227,porto,4.823301612225585,-3.4321753384676286,3.157909696140729,4.726502689646015
228,porto,4.823301612225585,-3.4321753384676286,3.157909696140729,4.726502689646015
229,porto,4.348299063435901,-3.4328091073014,2.902864731538073,4.795278956934556
230,porto,4.348299063435901,-3.4328091073014,2.902864731538073,4.795278956934556
231,porto,4.348299063435901,-3.4328091073014,2.902864731538073,4.795278956934556
232,porto,4.348299063435901,-3.4328091073014,2.902864731538073,4.795278956934556
233,porto,4.348299063435901,-3.4328091073014,2.902864731538073,4.795278956934556
234,porto,4.348299063435901,-3.4328091073014,2.902864731538073,4.795278956934556
235,porto,4.348299063435901,-3.4328091073014,2.902864731538073,4.795278956934556
236,porto,4.348299063435901,-3.4328091073014,2.902864731538073,4.795278956934556
237,porto,4.348299063435901,-3.4328091073014,2.902864731538073,4.795278956934556
238,porto,4.348299063435901,-3.4328091073014,2.902864731538073,4.795278956934556
239,porto,3.881928504407481,-3.31617547839786,2.6235055452666907,4.846280353884341
240,porto,3.881928504407481,-3.31617547839786,2.6235055452666907,4.846280353884341
241,porto,3.881928504407481,-3.31617547839786,2.6235055452666907,4.846280353884341
242,porto,3.881928504407481,-3.31617547839786,2.6235055452666907,4.846280353884341
243,porto,3.881928504407481,-3.31617547839786,2.6235055452666907,4.846280353884341
244,porto,3.881928504407481,-3.31617547839786,2.6235055452666907,4.846280353884341
245,porto,3.881928504407481,-3.31617547839786,2.6235055452666907,4.846280353884341
246,porto,3.881928504407481,-3.31617547839786,2.6235055452666907,4.846280353884341
247,porto,3.881928504407481,-3.31617547839786,2.6235055452666907,4.846280353884341
248,porto,3.881928504407481,-3.31617547839786,2.6235055452666907,4.846280353884341
249,porto,3.4579773178526283,-3.0925445252813333,2.3425697477078695,4.780741850374555
250,porto,3.4579773178526283,-3.0925445252813333,2.3425697477078695,4.780741850374555
251,porto,3.4579773178526283,-3.0925445252813333,2.3425697477078695,4.780741850374555
252,porto,3.4579773178526283,-3.0925445252813333,2.3425697477078695,4.780741850374555
253,porto,3.4579773178526283,-3.0925445252813333,2.3425697477078695,4.780741850374555
254,porto,3.4579773178526283,-3.0925445252813333,2.3425697477078695,4.780741850374555
255,porto,3.4579773178526283,-3.0925445252813333,2.3425697477078695,4.780741850374555
256,porto,3.4579773178526283,-3.0925445252813333,2.3425697477078695,4.780741850374555
257,porto,3.4579773178526283,-3.0925445252813333,2.3425697477078695,4.780741850374555
258,porto,3.4579773178526283,-3.0925445252813333,2.3425697477078695,4.780741850374555
259,porto,3.132270591466051,-2.7801982724298067,2.0630469842998282,4.368503930203708
260,porto,3.132270591466051,-2.7801982724298067,2.0630469842998282,4.368503930203708
261,porto,3.132270591466051,-2.7801982724298067,2.0630469842998282,4.368503930203708
262,porto,3.132270591466051,-2.7801982724298067,2.0630469842998282,4.368503930203708
263,porto,3.132270591466051,-2.7801982724298067,2.0630469842998282,4.368503930203708
264,porto,3.132270591466051,-2.7801982724298067,2.0630469842998282,4.368503930203708
265,porto,3.132270591466051,-2.7801982724298067,2.0630469842998282,4.368503930203708
266,porto,3.132270591466051,-2.7801982724298067,2.0630469842998282,4.368503930203708
267,porto,3.132270591466051,-2.7801982724298067,2.0630469842998282,4.368503930203708
268,porto,3.132270591466051,-2.7801982724298067,2.0630469842998282,4.368503930203708
269,porto,2.890327062289699,-2.4441190823757237,2.1425666948414115,3.9978877090123
270,porto,2.890327062289699,-2.4441190823757237,2.1425666948414115,3.9978877090123
271,porto,2.890327062289699,-2.4441190823757237,2.1425666948414115,3.9978877090123
272,porto,2.890327062289699,-2.4441190823757237,2.1425666948414115,3.9978877090123
273,porto,2.890327062289699,-2.4441190823757237,2.1425666948414115,3.9978877090123
274,porto,2.890327062289699,-2.4441190823757237,2.1425666948414115,3.9978877090123
275,porto,2.890327062289699,-2.4441190823757237,2.1425666948414115,3.9978877090123
276,porto,2.890327062289699,-2.4441190823757237,2.1425666948414115,3.9978877090123
277,porto,2.890327062289699,-2.4441190823757237,2.1425666948414115,3.9978877090123
278,porto,2.890327062289699,-2.4441190823757237,2.1425666948414115,3.9978877090123
279,porto,2.6403856484144264,-2.1516481650420802,2.4661253067655475,3.7630734107458146
280,porto,2.6403856484144264,-2.1516481650420802,2.4661253067655475,3.7630734107458146
281,porto,2.6403856484144264,-2.1516481650420802,2.4661253067655475,3.7630734107458146
282,porto,2.6403856484144264,-2.1516481650420802,2.4661253067655475,3.7630734107458146
283,porto,2.6403856484144264,-2.1516481650420802,2.4661253067655475,3.7630734107458146
284,porto,2.6403856484144264,-2.1516481650420802,2.4661253067655475,3.7630734107458146
285,porto,2.6403856484144264,-2.1516481650420802,2.4661253067655475,3.7630734107458146
286,porto,2.6403856484144264,-2.1516481650420802,2.4661253067655475,3.7630734107458146
287,porto,2.6403856484144264,-2.1516481650420802,2.4661253067655475,3.7630734107458146
288,porto,2.6403856484144264,-2.1516481650420802,2.4661253067655475,3.7630734107458146
289,porto,2.3301999144816903,-1.9419797176592273,2.764848963040072,3.753107324907644
290,porto,2.3301999144816903,-1.9419797176592273,2.764848963040072,3.753107324907644
291,porto,2.3301999144816903,-1.9419797176592273,2.764848963040072,3.753107324907644
292,porto,2.3301999144816903,-1.9419797176592273,2.764848963040072,3.753107324907644
293,porto,2.3301999144816903,-1.9419797176592273,2.764848963040072,3.753107324907644
294,porto,2.3301999144816903,-1.9419797176592273,2.764848963040072,3.753107324907644
295,porto,2.3301999144816903,-1.9419797176592273,2.764848963040072,3.753107324907644
296,porto,2.3301999144816903,-1.9419797176592273,2.764848963040072,3.753107324907644
297,porto,2.3301999144816903,-1.9419797176592273,2.764848963040072,3.753107324907644
298,porto,2.3301999144816903,-1.9419797176592273,2.764848963040072,3.753107324907644
299,porto,1.977778884294143,-1.8187167972192553,2.979772291182116,3.7339913339933335
300,porto,1.977778884294143,-1.8187167972192553,2.979772291182116,3.7339913339933335
301,porto,1.977778884294143,-1.8187167972192553,2.979772291182116,3.7339913339933335
302,porto,1.977778884294143,-1.8187167972192553,2.979772291182116,3.7339913339933335
303,porto,1.977778884294143,-1.8187167972192553,2.979772291182116,3.7339913339933335
304,porto,1.977778884294143,-1.8187167972192553,2.979772291182116,3.7339913339933335
305,porto,1.977778884294143,-1.8187167972192553,2.979772291182116,3.7339913339933335
306,porto,1.977778884294143,-1.8187167972192553,2.979772291182116,3.7339913339933335
307,porto,1.977778884294143,-1.8187167972192553,2.979772291182116,3.7339913339933335
308,porto,1.977778884294143,-1.8187167972192553,2.979772291182116,3.7339913339933335
309,porto,1.5897947739300826,-1.754109073270744,3.0493281062643978,4.1451876963204155
310,porto,1.5897947739300826,-1.754109073270744,3.0493281062643978,4.1451876963204155
311,porto,1.5897947739300826,-1.754109073270744,3.0493281062643978,4.1451876963204155
312,porto,1.5897947739300826,-1.754109073270744,3.0493281062643978,4.1451876963204155
313,porto,1.5897947739300826,-1.754109073270744,3.0493281062643978,4.1451876963204155
314,porto,1.5897947739300826,-1.754109073270744,3.0493281062643978,4.1451876963204155
315,porto,1.5897947739300826,-1.754109073270744,3.0493281062643978,4.1451876963204155
316,porto,1.5897947739300826,-1.754109073270744,3.0493281062643978,4.1451876963204155
317,porto,1.5897947739300826,-1.754109073270744,3.0493281062643978,4.1451876963204155
318,porto,1.5897947739300826,-1.754109073270744,3.0493281062643978,4.1451876963204155
319,porto,1.1640355349221903,-1.7148234730832765,3.0969551990879975,4.4125702620608935
320,porto,1.1640355349221903,-1.7148234730832765,3.0969551990879975,4.4125702620608935
321,porto,1.1640355349221903,-1.7148234730832765,3.0969551990879975,4.4125702620608935
322,porto,1.1640355349221903,-1.7148234730832765,3.0969551990879975,4.4125702620608935
323,porto,1.1640355349221903,-1.7148234730832765,3.0969551990879975,4.4125702620608935
324,porto,1.1640355349221903,-1.7148234730832765,3.0969551990879975,4.4125702620608935
325,porto,1.1640355349221903,-1.7148234730832765,3.0969551990879975,4.4125702620608935
326,porto,1.1640355349221903,-1.7148234730832765,3.0969551990879975,4.4125702620608935
327,porto,1.1640355349221903,-1.7148234730832765,3.0969551990879975,4.4125702620608935
328,porto,1.1640355349221903,-1.7148234730832765,3.0969551990879975,4.4125702620608935
329,porto,0.7140872860143207,-1.702582902603787,3.1881877745475364,4.595721869314542
330,porto,0.7140872860143207,-1.702582902603787,3.1881877745475364,4.595721869314542
331,porto,0.7140872860143207,-1.702582902603787,3.1881877745475364,4.595721869314542
332,porto,0.7140872860143207,-1.702582902603787,3.1881877745475364,4.595721869314542
333,porto,0.7140872860143207,-1.702582902603787,3.1881877745475364,4.595721869314542
334,porto,0.7140872860143207,-1.702582902603787,3.1881877745475364,4.595721869314542
335,porto,0.7140872860143207,-1.702582902603787,3.1881877745475364,4.595721869314542
336,porto,0.7140872860143207,-1.702582902603787,3.1881877745475364,4.595721869314542
337,porto,0.7140872860143207,-1.702582902603787,3.1881877745475364,4.595721869314542
338,porto,0.7140872860143207,-1.702582902603787,3.1881877745475364,4.595721869314542
339,porto,0.2489744503984938,-1.7334199971762008,3.3228905871966035,4.734481138510523
340,porto,0.2489744503984938,-1.7334199971762008,3.3228905871966035,4.734481138510523
341,porto,0.2489744503984938,-1.7334199971762008,3.3228905871966035,4.734481138510523
342,porto,0.2489744503984938,-1.7334199971762008,3.3228905871966035,4.734481138510523
343,porto,0.2489744503984938,-1.7334199971762008,3.3228905871966035,4.734481138510523
344,porto,0.2489744503984938,-1.7334199971762008,3.3228905871966035,4.734481138510523
345,porto,0.2489744503984938,-1.7334199971762008,3.3228905871966035,4.734481138510523
346,porto,0.2489744503984938,-1.7334199971762008,3.3228905871966035,4.734481138510523
347,porto,0.2489744503984938,-1.7334199971762008,3.3228905871966035,4.734481138510523
348,porto,0.2489744503984938,-1.7334199971762008,3.3228905871966035,4.734481138510523
349,porto,-0.2148705640033532,-1.823493935417687,3.478479268743012,4.7255262746077005
350,porto,-0.2148705640033532,-1.823493935417687,3.478479268743012,4.7255262746077005
351,porto,-0.2148705640033532,-1.823493935417687,3.478479268743012,4.7255262746077005
352,porto,-0.2148705640033532,-1.823493935417687,3.478479268743012,4.7255262746077005
353,porto,-0.2148705640033532,-1.823493935417687,3.478479268743012,4.7255262746077005
354,porto,-0.2148705640033532,-1.823493935417687,3.478479268743012,4.7255262746077005
355,porto,-0.2148705640033532,-1.823493935417687,3.478479268743012,4.7255262746077005
356,porto,-0.2148705640033532,-1.823493935417687,3.478479268743012,4.7255262746077005
357,porto,-0.2148705640033532,-1.823493935417687,3.478479268743012,4.7255262746077005
358,porto,-0.2148705640033532,-1.823493935417687,3.478479268743012,4.7255262746077005
359,porto,-0.6671664421302335,-1.9766064859500225,3.568910964416062,4.831358371602007
360,porto,-0.6671664421302335,-1.9766064859500225,3.568910964416062,4.831358371602007
361,porto,-0.6671664421302335,-1.9766064859500225,3.568910964416062,4.831358371602007
362,porto,-0.6671664421302335,-1.9766064859500225,3.568910964416062,4.831358371602007
363,porto,-0.6671664421302335,-1.9766064859500225,3.568910964416062,4.831358371602007
364,porto,-0.6671664421302335,-1.9766064859500225,3.568910964416062,4.831358371602007
365,porto,-0.6671664421302335,-1.9766064859500225,3.568910964416062,4.831358371602007
366,porto,-0.6671664421302335,-1.9766064859500225,3.568910964416062,4.831358371602007
367,porto,-0.6671664421302335,-1.9766064859500225,3.568910964416062,4.831358371602007
368,porto,-0.6671664421302335,-1.9766064859500225,3.568910964416062,4.831358371602007
369,porto,-1.1213462536954597,-2.150438440024568,3.471034814635162,4.896388872384618
370,porto,-1.1213462536954597,-2.150438440024568,3.471034814635162,4.896388872384618
371,porto,-1.1213462536954597,-2.150438440024568,3.471034814635162,4.896388872384618
372,porto,-1.1213462536954597,-2.150438440024568,3.471034814635162,4.896388872384618
373,porto,-1.1213462536954597,-2.150438440024568,3.471034814635162,4.896388872384618
374,porto,-1.1213462536954597,-2.150438440024568,3.471034814635162,4.896388872384618
375,porto,-1.1213462536954597,-2.150438440024568,3.471034814635162,4.896388872384618
376,porto,-1.1213462536954597,-2.150438440024568,3.471034814635162,4.896388872384618
377,porto,-1.1213462536954597,-2.150438440024568,3.471034814635162,4.896388872384618
378,porto,-1.1213462536954597,-2.150438440024568,3.471034814635162,4.896388872384618
379,porto,-1.5902976782195057,-2.2973467857303542,3.342602775864811,4.936343279942538
380,porto,-1.5902976782195057,-2.2973467857303542,3.342602775864811,4.936343279942538
381,porto,-1.5902976782195057,-2.2973467857303542,3.342602775864811,4.936343279942538
382,porto,-1.5902976782195057,-2.2973467857303542,3.342602775864811,4.936343279942538
383,porto,-1.5902976782195057,-2.2973467857303542,3.342602775864811,4.936343279942538
384,porto,-1.5902976782195057,-2.2973467857303542,3.342602775864811,4.936343279942538
385,porto,-1.5902976782195057,-2.2973467857303542,3.342602775864811,4.936343279942538
386,porto,-1.5902976782195057,-2.2973467857303542,3.342602775864811,4.936343279942538
387,porto,-1.5902976782195057,-2.2973467857303542,3.342602775864811,4.936343279942538
388,porto,-1.5902976782195057,-2.2973467857303542,3.342602775864811,4.936343279942538
389,porto,-2.0737180456217197,-2.402465773480598,3.2702499553699718,4.960887563518082
390,porto,-2.0737180456217197,-2.402465773480598,3.2702499553699718,4.960887563518082
391,porto,-2.0737180456217197,-2.402465773480598,3.2702499553699718,4.960887563518082
392,porto,-2.0737180456217197,-2.402465773480598,3.2702499553699718,4.960887563518082
393,porto,-2.0737180456217197,-2.402465773480598,3.2702499553699718,4.960887563518082
394,porto,-2.0737180456217197,-2.402465773480598,3.2702499553699718,4.960887563518082
395,porto,-2.0737180456217197,-2.402465773480598,3.2702499553699718,4.960887563518082
396,porto,-2.0737180456217197,-2.402465773480598,3.2702499553699718,4.960887563518082
397,porto,-2.0737180456217197,-2.402465773480598,3.2702499553699718,4.960887563518082
398,porto,-2.0737180456217197,-2.402465773480598,3.2702499553699718,4.960887563518082
399,porto,-2.564576359588355,-2.4788946454828062,3.2504862470404565,4.975926326868189
400,porto,-2.564576359588355,-2.4788946454828062,3.2504862470404565,4.975926326868189
401,porto,-2.564576359588355,-2.4788946454828062,3.2504862470404565,4.975926326868189
402,porto,-2.564576359588355,-2.4788946454828062,3.2504862470404565,4.975926326868189
403,porto,-2.564576359588355,-2.4788946454828062,3.2504862470404565,4.975926326868189
404,porto,-2.564576359588355,-2.4788946454828062,3.2504862470404565,4.975926326868189
405,porto,-2.564576359588355,-2.4788946454828062,3.2504862470404565,4.975926326868189
406,porto,-2.564576359588355,-2.4788946454828062,3.2504862470404565,4.975926326868189
407,porto,-2.564576359588355,-2.4788946454828062,3.2504862470404565,4.975926326868189
408,porto,-2.564576359588355,-2.4788946454828062,3.2504862470404565,4.975926326868189
409,porto,-3.0590493600266084,-2.5381133314396793,3.234151480666836,4.984673341972442
410,porto,-3.0590493600266084,-2.5381133314396793,3.234151480666836,4.984673341972442
411,porto,-3.0590493600266084,-2.5381133314396793,3.234151480666836,4.984673341972442
412,porto,-3.0590493600266084,-2.5381133314396793,3.234151480666836,4.984673341972442
413,porto,-3.0590493600266084,-2.5381133314396793,3.234151480666836,4.984673341972442
414,porto,-3.0590493600266084,-2.5381133314396793,3.234151480666836,4.984673341972442
415,porto,-3.0590493600266084,-2.5381133314396793,3.234151480666836,4.984673341972442
416,porto,-3.0590493600266084,-2.5381133314396793,3.234151480666836,4.984673341972442
417,porto,-3.0590493600266084,-2.5381133314396793,3.234151480666836,4.984673341972442
418,porto,-3.0590493600266084,-2.5381133314396793,3.234151480666836,4.984673341972442
419,porto,-3.553584238293011,-2.5849099340211454,3.2122624290338546,4.956714970979845
420,porto,-3.553584238293011,-2.5849099340211454,3.2122624290338546,4.956714970979845
421,porto,-3.553584238293011,-2.5849099340211454,3.2122624290338546,4.956714970979845
422,porto,-3.553584238293011,-2.5849099340211454,3.2122624290338546,4.956714970979845
423,porto,-3.553584238293011,-2.5849099340211454,3.2122624290338546,4.956714970979845
424,porto,-3.553584238293011,-2.5849099340211454,3.2122624290338546,4.956714970979845
425,porto,-3.553584238293011,-2.5849099340211454,3.2122624290338546,4.956714970979845
426,porto,-3.553584238293011,-2.5849099340211454,3.2122624290338546,4.956714970979845
427,porto,-3.553584238293011,-2.5849099340211454,3.2122624290338546,4.956714970979845
428,porto,-3.553584238293011,-2.5849099340211454,3.2122624290338546,4.956714970979845
429,porto,-4.033684012624114,-2.619464556926059,3.189271887964854,4.722807611029337
430,porto,-4.033684012624114,-2.619464556926059,3.189271887964854,4.722807611029337
431,porto,-4.033684012624114,-2.619464556926059,3.189271887964854,4.722807611029337
432,porto,-4.033684012624114,-2.619464556926059,3.189271887964854,4.722807611029337
433,porto,-4.033684012624114,-2.619464556926059,3.189271887964854,4.722807611029337
434,porto,-4.033684012624114,-2.619464556926059,3.189271887964854,4.722807611029337
435,porto,-4.033684012624114,-2.619464556926059,3.189271887964854,4.722807611029337
436,porto,-4.033684012624114,-2.619464556926059,3.189271887964854,4.722807611029337
437,porto,-4.033684012624114,-2.619464556926059,3.189271887964854,4.722807611029337
438,porto,-4.033684012624114,-2.619464556926059,3.189271887964854,4.722807611029337
439,porto,-4.510635093143219,-2.642384670912878,3.1607622787058935,4.829685471183413
440,porto,-4.510635093143219,-2.642384670912878,3.1607622787058935,4.829685471183413
441,porto,-4.510635093143219,-2.642384670912878,3.1607622787058935,4.829685471183413
442,porto,-4.510635093143219,-2.642384670912878,3.1607622787058935,4.829685471183413
443,porto,-4.510635093143219,-2.642384670912878,3.1607622787058935,4.829685471183413
444,porto,-4.510635093143219,-2.642384670912878,3.1607622787058935,4.829685471183413
445,porto,-4.510635093143219,-2.642384670912878,3.1607622787058935,4.829685471183413
446,porto,-4.510635093143219,-2.642384670912878,3.1607622787058935,4.829685471183413
447,porto,-4.510635093143219,-2.642384670912878,3.1607622787058935,4.829685471183413
448,porto,-4.510635093143219,-2.642384670912878,3.1607622787058935,4.829685471183413
449,porto,-4.996693873369989,-2.6441681653145204,3.0680772602437507,4.8950559723284375
450,porto,-4.996693873369989,-2.6441681653145204,3.0680772602437507,4.8950559723284375
451,porto,-4.996693873369989,-2.6441681653145204,3.0680772602437507,4.8950559723284375
452,porto,-4.996693873369989,-2.6441681653145204,3.0680772602437507,4.8950559723284375
453,porto,-4.996693873369989,-2.6441681653145204,3.0680772602437507,4.8950559723284375
454,porto,-4.996693873369989,-2.6441681653145204,3.0680772602437507,4.8950559723284375
455,porto,-4.996693873369989,-2.6441681653145204,3.0680772602437507,4.8950559723284375
456,porto,-4.996693873369989,-2.6441681653145204,3.0680772602437507,4.8950559723284375
457,porto,-4.996693873369989,-2.6441681653145204,3.0680772602437507,4.8950559723284375
458,porto,-4.996693873369989,-2.6441681653145204,3.0680772602437507,4.8950559723284375
459,porto,-5.440205424089311,-2.5953054613543567,2.7716535454994737,3.944055972328434
460,porto,-5.440205424089311,-2.5953054613543567,2.7716535454994737,3.944055972328434
461,porto,-5.440205424089311,-2.5953054613543567,2.7716535454994737,3.944055972328434
462,porto,-5.440205424089311,-2.5953054613543567,2.7716535454994737,3.944055972328434
463,porto,-5.440205424089311,-2.5953054613543567,2.7716535454994737,3.944055972328434
464,porto,-5.440205424089311,-2.5953054613543567,2.7716535454994737,3.944055972328434
465,porto,-5.440205424089311,-2.5953054613543567,2.7716535454994737,3.944055972328434
466,porto,-5.440205424089311,-2.5953054613543567,2.7716535454994737,3.944055972328434
467,porto,-5.440205424089311,-2.5953054613543567,2.7716535454994737,3.944055972328434
468,porto,-5.440205424089311,-2.5953054613543567,2.7716535454994737,3.944055972328434
469,porto,-5.767447860651019,-2.4669331784717508,2.309794164754166,3.164460860357577
470,porto,-5.767447860651019,-2.4669331784717508,2.309794164754166,3.164460860357577
471,porto,-5.767447860651019,-2.4669331784717508,2.309794164754166,3.164460860357577
472,porto,-5.767447860651019,-2.4669331784717508,2.309794164754166,3.164460860357577
473,porto,-5.767447860651019,-2.4669331784717508,2.309794164754166,3.164460860357577
474,porto,-5.767447860651019,-2.4669331784717508,2.309794164754166,3.164460860357577
475,porto,-5.767447860651019,-2.4669331784717508,2.309794164754166,3.164460860357577
476,porto,-5.767447860651019,-2.4669331784717508,2.309794164754166,3.164460860357577
477,porto,-5.767447860651019,-2.4669331784717508,2.309794164754166,3.164460860357577
478,porto,-5.767447860651019,-2.4669331784717508,2.309794164754166,3.164460860357577
479,porto,-5.993558460256351,-2.21507068036344,2.1569059675850486,3.6471945328162585
480,porto,-5.993558460256351,-2.21507068036344,2.1569059675850486,3.6471945328162585
481,porto,-5.993558460256351,-2.21507068036344,2.1569059675850486,3.6471945328162585
482,porto,-5.993558460256351,-2.21507068036344,2.1569059675850486,3.6471945328162585
483,porto,-5.993558460256351,-2.21507068036344,2.1569059675850486,3.6471945328162585
484,porto,-5.993558460256351,-2.21507068036344,2.1569059675850486,3.6471945328162585
485,porto,-5.993558460256351,-2.21507068036344,2.1569059675850486,3.6471945328162585
486,porto,-5.993558460256351,-2.21507068036344,2.1569059675850486,3.6471945328162585
487,porto,-5.993558460256351,-2.21507068036344,2.1569059675850486,3.6471945328162585
488,porto,-5.993558460256351,-2.21507068036344,2.1569059675850486,3.6471945328162585
489,porto,-6.174970231108024,-1.9031170532074568,1.9786511314514232,3.5914617470383616
490,porto,-6.174970231108024,-1.9031170532074568,1.9786511314514232,3.5914617470383616
491,porto,-6.174970231108024,-1.9031170532074568,1.9786511314514232,3.5914617470383616
492,porto,-6.174970231108024,-1.9031170532074568,1.9786511314514232,3.5914617470383616
493,porto,-6.174970231108024,-1.9031170532074568,1.9786511314514232,3.5914617470383616
494,porto,-6.174970231108024,-1.9031170532074568,1.9786511314514232,3.5914617470383616
495,porto,-6.174970231108024,-1.9031170532074568,1.9786511314514232,3.5914617470383616
496,porto,-6.174970231108024,-1.9031170532074568,1.9786511314514232,3.5914617470383616
497,porto,-6.174970231108024,-1.9031170532074568,1.9786511314514232,3.5914617470383616
498,porto,-6.174970231108024,-1.9031170532074568,1.9786511314514232,3.5914617470383616
499,porto,-6.2801506778343805,-1.592895062531963,1.7124371960981561,3.0788781754356003
500,porto,-6.2801506778343805,-1.592895062531963,1.7124371960981561,3.0788781754356003
501,porto,-6.2801506778343805,-1.592895062531963,1.7124371960981561,3.0788781754356003
502,porto,-6.2801506778343805,-1.592895062531963,1.7124371960981561,3.0788781754356003
503,porto,-6.2801506778343805,-1.592895062531963,1.7124371960981561,3.0788781754356003
504,porto,-6.2801506778343805,-1.592895062531963,1.7124371960981561,3.0788781754356003
505,porto,-6.2801506778343805,-1.592895062531963,1.7124371960981561,3.0788781754356003
506,porto,-6.2801506778343805,-1.592895062531963,1.7124371960981561,3.0788781754356003
507,porto,-6.2801506778343805,-1.592895062531963,1.7124371960981561,3.0788781754356003
508,porto,-6.2801506778343805,-1.592895062531963,1.7124371960981561,3.0788781754356003
509,porto,-6.298989439849965,-1.2900676570532097,1.4915949572508602,3.019185832503133
510,porto,-6.298989439849965,-1.2900676570532097,1.4915949572508602,3.019185832503133
511,porto,-6.298989439849965,-1.2900676570532097,1.4915949572508602,3.019185832503133
512,porto,-6.298989439849965,-1.2900676570532097,1.4915949572508602,3.019185832503133
513,porto,-6.298989439849965,-1.2900676570532097,1.4915949572508602,3.019185832503133
514,porto,-6.298989439849965,-1.2900676570532097,1.4915949572508602,3.019185832503133
515,porto,-6.298989439849965,-1.2900676570532097,1.4915949572508602,3.019185832503133
516,porto,-6.298989439849965,-1.2900676570532097,1.4915949572508602,3.019185832503133
517,porto,-6.298989439849965,-1.2900676570532097,1.4915949572508602,3.019185832503133
518,porto,-6.298989439849965,-1.2900676570532097,1.4915949572508602,3.019185832503133
519,porto,-6.244907048742158,-0.9808213311162451,1.2925737539715683,3.2745526714724864
520,porto,-6.244907048742158,-0.9808213311162451,1.2925737539715683,3.2745526714724864
521,porto,-6.244907048742158,-0.9808213311162451,1.2925737539715683,3.2745526714724864
522,porto,-6.244907048742158,-0.9808213311162451,1.2925737539715683,3.2745526714724864
523,porto,-6.244907048742158,-0.9808213311162451,1.2925737539715683,3.2745526714724864
524,porto,-6.244907048742158,-0.9808213311162451,1.2925737539715683,3.2745526714724864
525,porto,-6.244907048742158,-0.9808213311162451,1.2925737539715683,3.2745526714724864
526,porto,-6.244907048742158,-0.9808213311162451,1.2925737539715683,3.2745526714724864
527,porto,-6.244907048742158,-0.9808213311162451,1.2925737539715683,3.2745526714724864
528,porto,-6.244907048742158,-0.9808213311162451,1.2925737539715683,3.2745526714724864
529,porto,-6.125747796925184,-0.6924528031148258,1.0225916823390915,3.0389353532662593
530,porto,-6.125747796925184,-0.6924528031148258,1.0225916823390915,3.0389353532662593
531,porto,-6.125747796925184,-0.6924528031148258,1.0225916823390915,3.0389353532662593
532,porto,-6.125747796925184,-0.6924528031148258,1.0225916823390915,3.0389353532662593
533,porto,-6.125747796925184,-0.6924528031148258,1.0225916823390915,3.0389353532662593
534,porto,-6.125747796925184,-0.6924528031148258,1.0225916823390915,3.0389353532662593
535,porto,-6.125747796925184,-0.6924528031148258,1.0225916823390915,3.0389353532662593
536,porto,-6.125747796925184,-0.6924528031148258,1.0225916823390915,3.0389353532662593
537,porto,-6.125747796925184,-0.6924528031148258,1.0225916823390915,3.0389353532662593
538,porto,-6.125747796925184,-0.6924528031148258,1.0225916823390915,3.0389353532662593
539,porto,-5.924611572979674,-0.43753243339358117,0.7927815951693704,3.478493030479103
540,porto,-5.924611572979674,-0.43753243339358117,0.7927815951693704,3.478493030479103
541,porto,-5.924611572979674,-0.43753243339358117,0.7927815951693704,3.478493030479103
542,porto,-5.924611572979674,-0.43753243339358117,0.7927815951693704,3.478493030479103
543,porto,-5.924611572979674,-0.43753243339358117,0.7927815951693704,3.478493030479103
544,porto,-5.924611572979674,-0.43753243339358117,0.7927815951693704,3.478493030479103
545,porto,-5.924611572979674,-0.43753243339358117,0.7927815951693704,3.478493030479103
546,porto,-5.924611572979674,-0.43753243339358117,0.7927815951693704,3.478493030479103
547,porto,-5.924611572979674,-0.43753243339358117,0.7927815951693704,3.478493030479103
548,porto,-5.924611572979674,-0.43753243339358117,0.7927815951693704,3.478493030479103
549,porto,-5.652432230491258,-0.21352655618127497,0.5371969565736765,3.5890495049560913
550,porto,-5.652432230491258,-0.21352655618127497,0.5371969565736765,3.5890495049560913
551,porto,-5.652432230491258,-0.21352655618127497,0.5371969565736765,3.5890495049560913
552,porto,-5.652432230491258,-0.21352655618127497,0.5371969565736765,3.5890495049560913
553,porto,-5.652432230491258,-0.21352655618127497,0.5371969565736765,3.5890495049560913
554,porto,-5.652432230491258,-0.21352655618127497,0.5371969565736765,3.5890495049560913
555,porto,-5.652432230491258,-0.21352655618127497,0.5371969565736765,3.5890495049560913
556,porto,-5.652432230491258,-0.21352655618127497,0.5371969565736765,3.5890495049560913
557,porto,-5.652432230491258,-0.21352655618127497,0.5371969565736765,3.5890495049560913
558,porto,-5.652432230491258,-0.21352655618127497,0.5371969565736765,3.5890495049560913
559,porto,-5.31048373469029,-0.0384366211306792,0.35136225416263117,4.115500703753683
560,porto,-5.31048373469029,-0.0384366211306792,0.35136225416263117,4.115500703753683
561,porto,-5.31048373469029,-0.0384366211306792,0.35136225416263117,4.115500703753683
562,porto,-5.31048373469029,-0.0384366211306792,0.35136225416263117,4.115500703753683
563,porto,-5.31048373469029,-0.0384366211306792,0.35136225416263117,4.115500703753683
564,porto,-5.31048373469029,-0.0384366211306792,0.35136225416263117,4.115500703753683
565,porto,-5.31048373469029,-0.0384366211306792,0.35136225416263117,4.115500703753683
566,porto,-5.31048373469029,-0.0384366211306792,0.35136225416263117,4.115500703753683
567,porto,-5.31048373469029,-0.0384366211306792,0.35136225416263117,4.115500703753683
568,porto,-5.31048373469029,-0.0384366211306792,0.35136225416263117,4.115500703753683
569,porto,-4.903745662137144,0.09435480851793224,0.1897871370239108,4.456599891869201
570,porto,-4.903745662137144,0.09435480851793224,0.1897871370239108,4.456599891869201
571,porto,-4.903745662137144,0.09435480851793224,0.1897871370239108,4.456599891869201
572,porto,-4.903745662137144,0.09435480851793224,0.1897871370239108,4.456599891869201
573,porto,-4.903745662137144,0.09435480851793224,0.1897871370239108,4.456599891869201
574,porto,-4.903745662137144,0.09435480851793224,0.1897871370239108,4.456599891869201
575,porto,-4.903745662137144,0.09435480851793224,0.1897871370239108,4.456599891869201
576,porto,-4.903745662137144,0.09435480851793224,0.1897871370239108,4.456599891869201
577,porto,-4.903745662137144,0.09435480851793224,0.1897871370239108,4.456599891869201
578,porto,-4.903745662137144,0.09435480851793224,0.1897871370239108,4.456599891869201
579,porto,-4.454926944013585,0.17225437643284586,0.03900482610407541,4.666154682070598
580,porto,-4.454926944013585,0.17225437643284586,0.03900482610407541,4.666154682070598
581,porto,-4.454926944013585,0.17225437643284586,0.03900482610407541,4.666154682070598
582,porto,-4.454926944013585,0.17225437643284586,0.03900482610407541,4.666154682070598
583,porto,-4.454926944013585,0.17225437643284586,0.03900482610407541,4.666154682070598
584,porto,-4.454926944013585,0.17225437643284586,0.03900482610407541,4.666154682070598
585,porto,-4.454926944013585,0.17225437643284586,0.03900482610407541,4.666154682070598
586,porto,-4.454926944013585,0.17225437643284586,0.03900482610407541,4.666154682070598
587,porto,-4.454926944013585,0.17225437643284586,0.03900482610407541,4.666154682070598
588,porto,-4.454926944013585,0.17225437643284586,0.03900482610407541,4.666154682070598
589,porto,-3.982694315680842,0.1925446567985504,6.216601888892394,4.794898974151965
590,porto,-3.982694315680842,0.1925446567985504,6.216601888892394,4.794898974151965
591,porto,-3.982694315680842,0.1925446567985504,6.216601888892394,4.794898974151965
592,porto,-3.982694315680842,0.1925446567985504,6.216601888892394,4.794898974151965
593,porto,-3.982694315680842,0.1925446567985504,6.216601888892394,4.794898974151965
594,porto,-3.982694315680842,0.1925446567985504,6.216601888892394,4.794898974151965
595,porto,-3.982694315680842,0.1925446567985504,6.216601888892394,4.794898974151965
596,porto,-3.982694315680842,0.1925446567985504,6.216601888892394,4.794898974151965
597,porto,-3.982694315680842,0.1925446567985504,6.216601888892394,4.794898974151965
598,porto,-3.982694315680842,0.1925446567985504,6.216601888892394,4.794898974151965
599,porto,-3.500046384220884,0.16765094634578787,6.163005574835379,4.873924038110082
600,porto,-3.500046384220884,0.16765094634578787,6.163005574835379,4.873924038110082
601,porto,-3.500046384220884,0.16765094634578787,6.163005574835379,4.873924038110082
602,porto,-3.500046384220884,0.16765094634578787,6.163005574835379,4.873924038110082
603,porto,-3.500046384220884,0.16765094634578787,6.163005574835379,4.873924038110082
604,porto,-3.500046384220884,0.16765094634578787,6.163005574835379,4.873924038110082
605,porto,-3.500046384220884,0.16765094634578787,6.163005574835379,4.873924038110082
606,porto,-3.500046384220884,0.16765094634578787,6.163005574835379,4.873924038110082
607,porto,-3.500046384220884,0.16765094634578787,6.163005574835379,4.873924038110082
608,porto,-3.500046384220884,0.16765094634578787,6.163005574835379,4.873924038110082
609,porto,-3.012111633513029,0.12549815552726026,6.198265628634037,4.922121197092045
610,porto,-3.012111633513029,0.12549815552726026,6.198265628634037,4.922121197092045
611,porto,-3.012111633513029,0.12549815552726026,6.198265628634037,4.922121197092045
612,porto,-3.012111633513029,0.12549815552726026,6.198265628634037,4.922121197092045
613,porto,-3.012111633513029,0.12549815552726026,6.198265628634037,4.922121197092045
614,porto,-3.012111633513029,0.12549815552726026,6.198265628634037,4.922121197092045
615,porto,-3.012111633513029,0.12549815552726026,6.198265628634037,4.922121197092045
616,porto,-3.012111633513029,0.12549815552726026,6.198265628634037,4.922121197092045
617,porto,-3.012111633513029,0.12549815552726026,6.198265628634037,4.922121197092045
618,porto,-3.012111633513029,0.12549815552726026,6.198265628634037,4.922121197092045
619,porto,-2.519600836095204,0.09230146294780991,6.260932251900278,4.9516288751185735
620,porto,-2.519600836095204,0.09230146294780991,6.260932251900278,4.9516288751185735
621,porto,-2.519600836095204,0.09230146294780991,6.260932251900278,4.9516288751185735
622,porto,-2.519600836095204,0.09230146294780991,6.260932251900278,4.9516288751185735
623,porto,-2.519600836095204,0.09230146294780991,6.260932251900278,4.9516288751185735
624,porto,-2.519600836095204,0.09230146294780991,6.260932251900278,4.9516288751185735
625,porto,-2.519600836095204,0.09230146294780991,6.260932251900278,4.9516288751185735
626,porto,-2.519600836095204,0.09230146294780991,6.260932251900278,4.9516288751185735
627,porto,-2.519600836095204,0.09230146294780991,6.260932251900278,4.9516288751185735
628,porto,-2.519600836095204,0.09230146294780991,6.260932251900278,4.9516288751185735
629,porto,-2.0237637056468807,0.07756336521943892,0.01072828875431352,4.970282788957181
630,porto,-2.0237637056468807,0.07756336521943892,0.01072828875431352,4.970282788957181
631,porto,-2.0237637056468807,0.07756336521943892,0.01072828875431352,4.970282788957181
632,porto,-2.0237637056468807,0.07756336521943892,0.01072828875431352,4.970282788957181
633,porto,-2.0237637056468807,0.07756336521943892,0.01072828875431352,4.970282788957181
634,porto,-2.0237637056468807,0.07756336521943892,0.01072828875431352,4.970282788957181
635,porto,-2.0237637056468807,0.07756336521943892,0.01072828875431352,4.970282788957181
636,porto,-2.0237637056468807,0.07756336521943892,0.01072828875431352,4.970282788957181
637,porto,-2.0237637056468807,0.07756336521943892,0.01072828875431352,4.970282788957181
638,porto,-2.0237637056468807,0.07756336521943892,0.01072828875431352,4.970282788957181
639,porto,-1.5263378586515428,0.06537809005839647,6.222566871196692,4.98173426751529
640,porto,-1.5263378586515428,0.06537809005839647,6.222566871196692,4.98173426751529
641,porto,-1.5263378586515428,0.06537809005839647,6.222566871196692,4.98173426751529
642,porto,-1.5263378586515428,0.06537809005839647,6.222566871196692,4.98173426751529
643,porto,-1.5263378586515428,0.06537809005839647,6.222566871196692,4.98173426751529
644,porto,-1.5263378586515428,0.06537809005839647,6.222566871196692,4.98173426751529
645,porto,-1.5263378586515428,0.06537809005839647,6.222566871196692,4.98173426751529
646,porto,-1.5263378586515428,0.06537809005839647,6.222566871196692,4.98173426751529
647,porto,-1.5263378586515428,0.06537809005839647,6.222566871196692,4.98173426751529
648,porto,-1.5263378586515428,0.06537809005839647,6.222566871196692,4.98173426751529
649,porto,-1.0293835863560983,0.027026336589270894,6.136518363269674,4.988778292247069
650,porto,-1.0293835863560983,0.027026336589270894,6.136518363269674,4.988778292247069
651,porto,-1.0293835863560983,0.027026336589270894,6.136518363269674,4.988778292247069
652,porto,-1.0293835863560983,0.027026336589270894,6.136518363269674,4.988778292247069
653,porto,-1.0293835863560983,0.027026336589270894,6.136518363269674,4.988778292247069
654,porto,-1.0293835863560983,0.027026336589270894,6.136518363269674,4.988778292247069
655,porto,-1.0293835863560983,0.027026336589270894,6.136518363269674,4.988778292247069
656,porto,-1.0293835863560983,0.027026336589270894,6.136518363269674,4.988778292247069
657,porto,-1.0293835863560983,0.027026336589270894,6.136518363269674,4.988778292247069
658,porto,-1.0293835863560983,0.027026336589270894,6.136518363269674,4.988778292247069
659,porto,-0.5381880475174409,-0.03840597128661203,6.103291045954059,4.934728529423249
660,porto,-0.5381880475174409,-0.03840597128661203,6.103291045954059,4.934728529423249
661,porto,-0.5381880475174409,-0.03840597128661203,6.103291045954059,4.934728529423249
662,porto,-0.5381880475174409,-0.03840597128661203,6.103291045954059,4.934728529423249
663,porto,-0.5381880475174409,-0.03840597128661203,6.103291045954059,4.934728529423249
664,porto,-0.5381880475174409,-0.03840597128661203,6.103291045954059,4.934728529423249
665,porto,-0.5381880475174409,-0.03840597128661203,6.103291045954059,4.934728529423249
666,porto,-0.5381880475174409,-0.03840597128661203,6.103291045954059,4.934728529423249
667,porto,-0.5381880475174409,-0.03840597128661203,6.103291045954059,4.934728529423249
668,porto,-0.5381880475174409,-0.03840597128661203,6.103291045954059,4.934728529423249
669,porto,-0.06850863928971665,-0.10538612106822641,6.180433747415736,4.624002532603967
670,porto,-0.06850863928971665,-0.10538612106822641,6.180433747415736,4.624002532603967
671,porto,-0.06850863928971665,-0.10538612106822641,6.180433747415736,4.624002532603967
672,porto,-0.06850863928971665,-0.10538612106822641,6.180433747415736,4.624002532603967
673,porto,-0.06850863928971665,-0.10538612106822641,6.180433747415736,4.624002532603967
674,porto,-0.06850863928971665,-0.10538612106822641,6.180433747415736,4.624002532603967
675,porto,-0.06850863928971665,-0.10538612106822641,6.180433747415736,4.624002532603967
676,porto,-0.06850863928971665,-0.10538612106822641,6.180433747415736,4.624002532603967
677,porto,-0.06850863928971665,-0.10538612106822641,6.180433747415736,4.624002532603967
678,porto,-0.06850863928971665,-0.10538612106822641,6.180433747415736,4.624002532603967
679,porto,0.39891331518285655,-0.14796745001527847,6.244378239012203,4.767297294088124
