,run,episode,episodeReward,episodeProgress,episodeLapTime,episodeCrash
0,0.0,0.0,4.890000000000006,56.59999999999992,,1.0
0,0.0,1.0,-3.129999999999999,11.000000000000004,,1.0
0,0.0,2.0,-4.43,3.3000000000000003,,1.0
0,0.0,3.0,-4.39,3.9,,1.0
0,0.0,4.0,-4.3,3.9,,1.0
0,0.0,5.0,-4.39,3.6,,1.0
0,0.0,6.0,-4.32,3.8,,1.0
0,0.0,7.0,-4.39,3.8,,1.0
0,0.0,8.0,-4.41,3.5,,1.0
0,0.0,9.0,-4.47,3.1,,1.0
0,0.0,10.0,-4.359999999999999,3.7,,1.0
0,0.0,11.0,-4.34,4.0,,1.0
0,0.0,12.0,-4.06,5.300000000000001,,1.0
0,0.0,13.0,42.31000000000017,237.2000000000008,51.3,0.0
0,0.0,14.0,41.309999999999896,237.10000000000232,61.1,0.0
0,0.0,15.0,42.1300000000002,237.0000000000011,52.7,0.0
0,0.0,16.0,4.49,53.599999999999966,,1.0
0,0.0,17.0,17.80000000000004,129.10000000000014,,1.0
0,0.0,18.0,14.559999999999992,109.50000000000014,,1.0
0,0.0,19.0,22.009999999999994,151.20000000000024,,1.0
0,0.0,20.0,18.549999999999997,132.00000000000026,,1.0
0,0.0,21.0,-4.59,2.6999999999999997,,1.0
0,0.0,22.0,12.45999999999999,97.70000000000007,,1.0
0,0.0,23.0,42.3000000000003,237.40000000000074,51.8,0.0
0,0.0,24.0,42.48000000000026,237.00000000000043,49.2,0.0
0,0.0,25.0,42.63000000000029,237.40000000000018,48.5,0.0
0,0.0,26.0,42.56000000000028,237.2000000000004,48.8,0.0
0,0.0,27.0,3.5199999999999996,47.59999999999997,,1.0
0,0.0,28.0,6.769999999999996,66.39999999999996,,1.0
0,0.0,29.0,42.57000000000028,237.2000000000004,48.7,0.0
0,0.0,30.0,42.58000000000028,237.1000000000004,48.4,0.0
0,0.0,31.0,42.6600000000003,237.40000000000023,48.2,0.0
0,0.0,32.0,42.680000000000305,237.40000000000015,48.0,0.0
0,0.0,33.0,42.67000000000028,237.30000000000007,47.9,0.0
0,0.0,34.0,42.63000000000025,237.00000000000003,47.7,0.0
0,0.0,35.0,42.6700000000003,237.2000000000001,47.7,0.0
0,0.0,36.0,42.660000000000274,237.10000000000008,47.6,0.0
0,0.0,37.0,10.629999999999992,86.90000000000002,,1.0
0,0.0,38.0,34.3200000000001,218.80000000000013,,1.0
0,0.0,39.0,29.660000000000032,192.90000000000003,,1.0
0,0.0,40.0,42.720000000000276,237.4000000000001,47.6,0.0
0,0.0,41.0,42.710000000000285,237.40000000000015,47.7,0.0
0,0.0,42.0,42.66000000000024,237.09999999999994,47.6,0.0
0,0.0,43.0,12.409999999999986,96.80000000000003,,1.0
0,0.0,44.0,42.74000000000027,237.3999999999999,47.4,0.0
0,0.0,45.0,42.730000000000274,237.19999999999985,47.1,0.0
0,0.0,46.0,42.710000000000306,237.10000000000008,47.1,0.0
0,0.0,47.0,42.61000000000028,237.00000000000014,47.9,0.0
0,0.0,48.0,42.65000000000027,237.10000000000005,47.7,0.0
0,0.0,49.0,42.63000000000031,237.00000000000006,47.7,0.0
0,0.0,50.0,42.68000000000024,237.20000000000013,47.6,0.0
0,0.0,51.0,42.73000000000027,237.29999999999995,47.3,0.0
0,0.0,52.0,42.720000000000255,237.20000000000013,47.2,0.0
0,0.0,53.0,42.70000000000028,237.09999999999994,47.2,0.0
0,0.0,54.0,42.850000000000264,237.8,47.1,0.0
0,0.0,55.0,42.81000000000028,237.49999999999997,46.9,0.0
0,0.0,56.0,5.499999999999991,58.300000000000026,,1.0
0,0.0,57.0,13.629999999999978,103.69999999999996,,1.0
0,0.0,58.0,42.78000000000029,237.1999999999999,46.6,0.0
0,0.0,59.0,42.82000000000024,237.39999999999975,46.6,0.0
0,0.0,60.0,42.800000000000246,237.39999999999984,46.8,0.0
0,0.0,61.0,42.790000000000255,237.29999999999984,46.7,0.0
0,0.0,62.0,42.760000000000275,237.19999999999987,46.8,0.0
0,0.0,63.0,42.77000000000024,237.29999999999987,46.9,0.0
0,0.0,64.0,28.590000000000003,186.99999999999986,,1.0
0,0.0,65.0,42.68000000000029,237.1999999999999,47.6,0.0
0,0.0,66.0,42.76000000000031,237.4,47.2,0.0
0,0.0,67.0,42.830000000000254,237.49999999999994,46.7,0.0
0,0.0,68.0,42.71000000000024,237.1,47.1,0.0
0,0.0,69.0,22.419999999999973,152.70000000000007,,1.0
0,0.0,70.0,42.730000000000295,237.2000000000001,47.1,0.0
0,0.0,71.0,42.790000000000255,237.49999999999994,47.1,0.0
0,0.0,72.0,42.790000000000255,237.49999999999991,47.1,0.0
0,0.0,73.0,42.72000000000023,237.29999999999995,47.4,0.0
0,0.0,74.0,42.75000000000028,237.20000000000005,46.9,0.0
0,0.0,75.0,42.6900000000003,237.10000000000002,47.3,0.0
0,0.0,76.0,-1.3100000000000018,20.6,,1.0
0,0.0,77.0,42.72000000000024,237.1,47.0,0.0
0,0.0,78.0,17.659999999999986,126.6000000000001,,1.0
0,0.0,79.0,-2.3200000000000003,15.4,,1.0
0,0.0,80.0,42.72000000000026,237.09999999999994,47.0,0.0
0,0.0,81.0,42.79000000000022,237.3999999999999,46.9,0.0
0,0.0,82.0,42.720000000000255,237.30000000000004,47.4,0.0
0,0.0,83.0,42.67000000000028,237.10000000000016,47.5,0.0
0,0.0,84.0,42.68000000000031,237.3000000000001,47.8,0.0
0,0.0,85.0,42.680000000000234,237.2000000000001,47.6,0.0
0,0.0,86.0,11.009999999999984,89.09999999999998,,1.0
0,0.0,87.0,42.710000000000264,237.40000000000006,47.7,0.0
0,0.0,88.0,42.7300000000003,237.4,47.5,0.0
0,0.0,89.0,42.67000000000028,237.00000000000006,47.3,0.0
0,0.0,90.0,42.720000000000255,237.1,47.0,0.0
0,0.0,91.0,42.75000000000023,237.39999999999995,47.3,0.0
0,0.0,92.0,20.939999999999973,144.7,,1.0
0,0.0,93.0,42.76000000000031,237.29999999999998,47.0,0.0
0,0.0,94.0,42.78000000000027,237.49999999999997,47.2,0.0
0,0.0,95.0,42.56000000000029,237.3,49.0,0.0
0,0.0,96.0,42.68000000000027,237.30000000000013,47.8,0.0
0,0.0,97.0,42.70000000000025,237.19999999999996,47.4,0.0
0,0.0,98.0,42.72000000000028,237.3,47.4,0.0
0,0.0,99.0,42.78000000000026,237.4999999999999,47.2,0.0
0,0.0,100.0,42.77000000000024,237.49999999999994,47.3,0.0
0,0.0,101.0,42.72000000000028,237.19999999999996,47.2,0.0
0,0.0,102.0,42.73000000000022,237.1999999999999,47.1,0.0
0,0.0,103.0,42.71000000000024,237.09999999999997,47.1,0.0
0,0.0,104.0,42.73000000000028,237.39999999999998,47.5,0.0
0,0.0,105.0,42.79000000000025,237.39999999999992,46.9,0.0
0,0.0,106.0,42.73000000000028,237.30000000000004,47.3,0.0
0,0.0,107.0,42.68000000000023,237.00000000000009,47.2,0.0
0,0.0,108.0,42.71000000000027,237.20000000000002,47.3,0.0
0,0.0,109.0,42.71000000000025,237.19999999999993,47.3,0.0
0,0.0,110.0,42.660000000000245,237.1000000000001,47.6,0.0
0,0.0,111.0,42.750000000000234,237.49999999999991,47.5,0.0
0,0.0,112.0,42.70000000000024,237.4000000000001,47.8,0.0
0,0.0,113.0,42.6800000000003,237.20000000000013,47.6,0.0
0,0.0,114.0,42.69000000000029,237.10000000000005,47.3,0.0
0,0.0,115.0,42.68000000000028,237.2000000000001,47.6,0.0
0,0.0,116.0,42.640000000000185,237.10000000000005,47.8,0.0
0,0.0,117.0,30.19000000000004,195.9,,1.0
0,0.0,118.0,42.74000000000022,237.3,47.2,0.0
0,0.0,119.0,42.720000000000255,237.39999999999998,47.6,0.0
0,0.0,120.0,42.74000000000027,237.40000000000012,47.4,0.0
0,0.0,121.0,42.68000000000028,237.30000000000007,47.8,0.0
0,0.0,122.0,42.68000000000024,237.00000000000003,47.2,0.0
0,0.0,123.0,42.740000000000244,237.30000000000004,47.2,0.0
0,0.0,124.0,42.73000000000023,237.20000000000007,47.1,0.0
0,0.0,125.0,42.76000000000024,237.4,47.2,0.0
0,0.0,126.0,42.53000000000025,237.10000000000016,48.9,0.0
0,0.0,127.0,42.67000000000031,237.50000000000009,48.3,0.0
0,0.0,128.0,42.71000000000024,237.40000000000006,47.7,0.0
0,0.0,129.0,19.31999999999997,135.60000000000002,,1.0
0,0.0,130.0,42.63000000000028,237.1000000000001,47.9,0.0
0,0.0,131.0,42.640000000000285,237.2000000000001,48.0,0.0
0,0.0,132.0,42.65000000000027,237.00000000000003,47.5,0.0
0,0.0,133.0,42.67000000000031,237.40000000000012,48.1,0.0
0,0.0,134.0,42.690000000000275,237.30000000000007,47.7,0.0
0,0.0,135.0,42.620000000000296,237.00000000000009,47.8,0.0
0,0.0,136.0,42.77000000000027,237.69999999999993,47.7,0.0
0,0.0,137.0,42.760000000000296,237.29999999999995,47.0,0.0
0,0.0,138.0,42.64000000000028,237.00000000000009,47.6,0.0
0,0.0,139.0,42.6600000000003,237.20000000000007,47.8,0.0
0,0.0,140.0,42.71000000000032,237.40000000000003,47.7,0.0
0,0.0,141.0,42.62000000000029,237.00000000000006,47.8,0.0
0,0.0,142.0,42.64000000000028,237.10000000000002,47.8,0.0
0,0.0,143.0,42.65000000000028,237.10000000000014,47.7,0.0
0,0.0,144.0,42.65000000000027,237.0000000000001,47.5,0.0
0,0.0,145.0,42.65000000000024,237.09999999999997,47.7,0.0
0,0.0,146.0,42.75000000000024,237.3999999999999,47.3,0.0
0,0.0,147.0,42.70000000000029,237.2,47.4,0.0
0,0.0,148.0,42.68000000000026,237.20000000000005,47.6,0.0
0,0.0,149.0,42.7400000000003,237.39999999999998,47.4,0.0
0,0.0,150.0,42.810000000000265,237.49999999999997,46.9,0.0
0,0.0,151.0,42.73000000000026,237.20000000000002,47.1,0.0
0,0.0,152.0,42.700000000000294,237.20000000000002,47.4,0.0
0,0.0,153.0,42.720000000000255,237.30000000000004,47.4,0.0
0,0.0,154.0,42.680000000000256,237.10000000000002,47.4,0.0
0,0.0,155.0,42.77000000000022,237.1999999999999,46.7,0.0
0,0.0,156.0,42.77000000000028,237.29999999999987,46.9,0.0
0,0.0,157.0,42.74000000000026,237.0999999999999,46.8,0.0
0,0.0,158.0,42.72000000000033,237.10000000000002,47.0,0.0
0,0.0,159.0,42.660000000000316,237.00000000000009,47.4,0.0
0,0.0,160.0,42.7600000000003,237.40000000000003,47.2,0.0
0,0.0,161.0,42.690000000000275,237.0999999999999,47.3,0.0
0,0.0,162.0,42.680000000000305,237.00000000000006,47.2,0.0
0,0.0,163.0,42.68000000000024,237.2,47.6,0.0
0,0.0,164.0,42.7900000000003,237.49999999999997,47.1,0.0
0,0.0,165.0,42.7300000000003,237.30000000000007,47.3,0.0
0,0.0,166.0,42.82000000000024,237.3999999999999,46.6,0.0
0,0.0,167.0,42.730000000000295,237.20000000000002,47.1,0.0
0,0.0,168.0,42.68000000000029,237.40000000000012,48.0,0.0
0,0.0,169.0,42.68000000000026,237.09999999999994,47.4,0.0
0,0.0,170.0,42.59000000000031,237.00000000000006,48.1,0.0
0,0.0,171.0,42.68000000000033,237.00000000000003,47.2,0.0
0,0.0,172.0,42.69000000000031,237.10000000000008,47.3,0.0
0,0.0,173.0,42.720000000000255,237.19999999999996,47.2,0.0
0,0.0,174.0,42.6600000000003,237.0000000000001,47.4,0.0
0,0.0,175.0,42.6900000000003,237.20000000000013,47.5,0.0
0,0.0,176.0,42.630000000000244,237.00000000000009,47.7,0.0
0,0.0,177.0,42.6100000000003,237.10000000000016,48.1,0.0
0,0.0,178.0,42.6900000000002,237.30000000000004,47.7,0.0
0,0.0,179.0,42.6900000000003,237.00000000000003,47.1,0.0
0,0.0,180.0,42.71000000000025,237.40000000000006,47.7,0.0
0,0.0,181.0,42.6300000000003,237.00000000000009,47.7,0.0
0,0.0,182.0,42.700000000000294,237.29999999999998,47.6,0.0
0,0.0,183.0,42.700000000000315,237.20000000000007,47.4,0.0
0,0.0,184.0,42.67000000000024,237.00000000000003,47.3,0.0
0,0.0,185.0,42.77000000000025,237.5999999999999,47.5,0.0
0,0.0,186.0,42.69000000000028,237.3,47.7,0.0
0,0.0,187.0,42.69000000000024,237.1,47.3,0.0
0,0.0,188.0,42.780000000000214,237.39999999999986,47.0,0.0
0,0.0,189.0,42.76000000000026,237.19999999999993,46.8,0.0
0,0.0,190.0,42.6900000000003,237.1000000000001,47.3,0.0
0,0.0,191.0,42.720000000000255,237.29999999999993,47.4,0.0
0,0.0,192.0,42.75000000000027,237.5,47.5,0.0
0,0.0,193.0,42.760000000000296,237.49999999999997,47.4,0.0
0,0.0,194.0,30.220000000000034,195.8,,1.0
0,0.0,195.0,42.660000000000295,237.10000000000005,47.6,0.0
0,0.0,196.0,42.70000000000023,237.4000000000001,47.8,0.0
0,0.0,197.0,42.67000000000025,237.20000000000005,47.7,0.0
0,0.0,198.0,42.71000000000024,237.20000000000002,47.3,0.0
0,0.0,199.0,42.65000000000027,237.20000000000013,47.9,0.0
0,0.0,200.0,42.660000000000174,237.10000000000002,47.6,0.0
0,0.0,201.0,42.7000000000003,237.3,47.6,0.0
0,0.0,202.0,0.389999999999997,30.499999999999996,,1.0
0,0.0,203.0,42.72000000000027,237.29999999999998,47.4,0.0
0,0.0,204.0,5.850000000000001,60.899999999999984,,1.0
0,0.0,205.0,-0.610000000000003,24.599999999999984,,1.0
0,0.0,206.0,42.690000000000275,237.4,47.9,0.0
0,0.0,207.0,42.600000000000335,237.10000000000014,48.2,0.0
0,0.0,208.0,42.75000000000025,237.3999999999999,47.3,0.0
0,0.0,209.0,42.61000000000027,237.00000000000014,47.9,0.0
0,0.0,210.0,42.71000000000025,237.09999999999994,47.1,0.0
0,0.0,211.0,42.69000000000025,237.00000000000003,47.1,0.0
0,0.0,212.0,42.74000000000027,237.3,47.2,0.0
0,0.0,213.0,42.72000000000023,237.0999999999999,47.0,0.0
0,0.0,214.0,2.2699999999999987,40.6,,1.0
0,0.0,215.0,10.669999999999982,87.1,,1.0
0,0.0,216.0,-2.3100000000000005,15.500000000000004,,1.0
0,0.0,217.0,42.620000000000296,237.00000000000003,47.8,0.0
0,0.0,218.0,42.640000000000256,237.00000000000009,47.6,0.0
0,0.0,219.0,42.650000000000276,237.1000000000001,47.7,0.0
0,0.0,220.0,42.81000000000022,237.4999999999999,46.9,0.0
0,0.0,221.0,42.71000000000027,237.2,47.3,0.0
0,0.0,222.0,42.690000000000275,237.00000000000003,47.1,0.0
0,0.0,223.0,42.75000000000027,237.30000000000004,47.1,0.0
0,0.0,224.0,42.73000000000031,237.20000000000002,47.1,0.0
0,0.0,225.0,42.66000000000031,237.00000000000009,47.4,0.0
0,0.0,226.0,42.70000000000023,237.3,47.6,0.0
0,0.0,227.0,42.680000000000284,237.3,47.8,0.0
0,0.0,228.0,42.61000000000028,237.29999999999995,48.5,0.0
0,0.0,229.0,42.7300000000003,237.20000000000005,47.1,0.0
0,0.0,230.0,42.690000000000225,237.10000000000005,47.3,0.0
0,0.0,231.0,7.949999999999994,72.49999999999996,,1.0
0,0.0,232.0,1.2299999999999986,35.2,,1.0
0,0.0,233.0,14.969999999999985,111.2,,1.0
0,0.0,234.0,-2.6699999999999995,13.3,,1.0
0,0.0,235.0,42.65000000000034,237.20000000000022,47.9,0.0
0,0.0,236.0,42.68000000000032,237.3999999999999,48.0,0.0
0,0.0,237.0,42.77000000000025,237.29999999999998,46.9,0.0
0,0.0,238.0,42.770000000000216,237.39999999999986,47.1,0.0
0,0.0,239.0,42.6700000000003,237.09999999999997,47.5,0.0
0,0.0,240.0,42.740000000000286,237.5,47.6,0.0
0,0.0,241.0,42.71000000000031,237.40000000000015,47.7,0.0
0,0.0,242.0,42.71000000000028,237.4,47.7,0.0
0,0.0,243.0,42.66000000000025,237.1,47.6,0.0
0,0.0,244.0,42.68000000000035,237.40000000000015,48.0,0.0
0,0.0,245.0,42.730000000000295,237.39999999999995,47.5,0.0
0,0.0,246.0,24.71999999999997,165.60000000000008,,1.0
0,0.0,247.0,42.710000000000235,237.19999999999996,47.3,0.0
0,0.0,248.0,42.73000000000024,237.29999999999998,47.3,0.0
0,0.0,249.0,42.750000000000206,237.29999999999998,47.1,0.0
0,0.0,250.0,42.61000000000031,237.10000000000016,48.1,0.0
0,0.0,251.0,42.65000000000029,237.1000000000001,47.7,0.0
0,0.0,252.0,42.610000000000234,237.1000000000002,48.1,0.0
0,0.0,253.0,11.679999999999978,93.40000000000003,,1.0
0,0.0,254.0,42.730000000000295,237.50000000000003,47.7,0.0
0,0.0,255.0,42.7100000000003,237.30000000000007,47.5,0.0
0,0.0,256.0,42.71000000000031,237.09999999999994,47.1,0.0
0,0.0,257.0,20.75999999999998,144.20000000000016,,1.0
0,0.0,258.0,42.71000000000026,237.20000000000005,47.3,0.0
0,0.0,259.0,42.78000000000025,237.4999999999999,47.2,0.0
0,0.0,260.0,42.79000000000027,237.49999999999994,47.1,0.0
0,0.0,261.0,42.71000000000028,237.10000000000002,47.1,0.0
0,0.0,262.0,42.720000000000276,237.30000000000007,47.4,0.0
0,0.0,263.0,42.680000000000256,237.20000000000005,47.6,0.0
0,0.0,264.0,42.70000000000031,237.1,47.2,0.0
0,0.0,265.0,42.68000000000024,237.20000000000002,47.6,0.0
0,0.0,266.0,7.199999999999992,68.1,,1.0
0,0.0,267.0,42.54000000000024,237.40000000000012,49.4,0.0
0,0.0,268.0,42.53000000000027,237.09999999999997,48.9,0.0
0,0.0,269.0,4.589999999999993,53.699999999999996,,1.0
0,0.0,270.0,34.14000000000017,218.50000000000043,,1.0
0,0.0,271.0,0.9699999999999962,34.5,,1.0
0,0.0,272.0,6.830000000000005,66.09999999999998,,1.0
0,0.0,273.0,7.659999999999993,70.90000000000008,,1.0
0,0.0,274.0,-2.6499999999999995,13.300000000000002,,1.0
0,0.0,275.0,16.520000000000014,120.3999999999999,,1.0
0,0.0,276.0,1.5399999999999965,37.29999999999998,,1.0
0,0.0,277.0,42.49000000000026,237.3000000000001,49.7,0.0
0,0.0,278.0,42.57000000000023,237.00000000000026,48.3,0.0
0,0.0,279.0,42.6700000000003,237.3,47.9,0.0
0,0.0,280.0,42.76000000000028,237.49999999999994,47.4,0.0
0,0.0,281.0,42.65000000000029,237.1000000000001,47.7,0.0
0,0.0,282.0,42.6900000000003,237.00000000000006,47.1,0.0
0,0.0,283.0,42.620000000000275,237.3000000000001,48.4,0.0
0,0.0,284.0,42.70000000000029,237.40000000000015,47.8,0.0
0,0.0,285.0,42.48000000000013,237.20000000000059,49.6,0.0
0,0.0,286.0,41.810000000000436,237.49999999999991,56.9,0.0
0,0.0,287.0,42.67000000000027,237.4000000000002,48.1,0.0
0,0.0,288.0,42.59000000000027,237.0000000000001,48.1,0.0
0,0.0,289.0,42.4100000000002,237.20000000000067,50.3,0.0
0,0.0,290.0,42.49000000000017,237.20000000000044,49.5,0.0
0,0.0,291.0,42.420000000000186,237.20000000000036,50.2,0.0
0,0.0,292.0,7.73000000000002,73.59999999999984,,1.0
0,0.0,293.0,-4.35,4.199999999999999,,1.0
0,0.0,294.0,-3.549999999999999,8.7,,1.0
0,0.0,295.0,41.54999999999992,237.4000000000014,59.3,0.0
0,0.0,296.0,42.20000000000009,237.0000000000008,52.0,0.0
0,0.0,297.0,41.239999999999775,237.1000000000024,61.8,0.0
0,0.0,298.0,7.400000000000027,72.89999999999979,,1.0
0,0.0,299.0,41.91000000000037,237.30000000000075,55.5,0.0
0,0.0,300.0,41.73000000000041,237.20000000000078,57.1,0.0
0,0.0,301.0,42.010000000000026,237.30000000000157,54.5,0.0
0,0.0,302.0,41.88000000000018,237.00000000000128,55.2,0.0
0,0.0,303.0,42.10000000000034,237.1000000000004,53.2,0.0
0,0.0,304.0,42.13999999999995,237.100000000001,52.8,0.0
0,0.0,305.0,42.100000000000286,237.3000000000013,53.6,0.0
0,0.0,306.0,42.120000000000374,237.3000000000001,53.4,0.0
0,0.0,307.0,42.270000000000294,237.30000000000032,51.9,0.0
0,0.0,308.0,34.770000000000195,223.9000000000006,,1.0
0,0.0,309.0,41.900000000000226,237.0000000000012,55.0,0.0
0,0.0,310.0,42.27000000000021,237.0000000000005,51.3,0.0
0,0.0,311.0,42.490000000000265,237.10000000000034,49.3,0.0
0,0.0,312.0,42.37000000000029,237.2000000000001,50.7,0.0
0,0.0,313.0,42.58000000000031,237.2,48.6,0.0
0,0.0,314.0,42.510000000000254,237.1000000000001,49.1,0.0
0,0.0,315.0,42.280000000000356,237.00000000000028,51.2,0.0
0,0.0,316.0,42.34000000000022,237.00000000000034,50.6,0.0
0,0.0,317.0,42.370000000000026,237.40000000000086,51.1,0.0
0,0.0,318.0,42.45000000000035,237.20000000000053,49.9,0.0
0,0.0,319.0,42.120000000000395,237.40000000000137,53.6,0.0
0,0.0,320.0,42.02000000000035,237.10000000000025,54.0,0.0
0,0.0,321.0,42.130000000000344,237.0000000000003,52.7,0.0
0,0.0,322.0,42.30000000000007,237.00000000000068,51.0,0.0
0,0.0,323.0,42.20000000000024,237.30000000000035,52.6,0.0
0,0.0,324.0,42.160000000000245,237.00000000000023,52.4,0.0
0,0.0,325.0,42.5500000000003,237.3000000000003,49.1,0.0
0,0.0,326.0,42.62000000000028,237.3000000000002,48.4,0.0
0,0.0,327.0,42.45000000000029,237.40000000000012,50.3,0.0
0,0.0,328.0,42.3500000000003,237.00000000000003,50.5,0.0
0,0.0,329.0,42.41000000000031,237.1000000000007,50.1,0.0
0,0.0,330.0,42.44000000000031,237.39999999999992,50.4,0.0
0,0.0,331.0,42.380000000000095,237.00000000000068,50.2,0.0
0,0.0,332.0,42.29000000000026,237.30000000000067,51.7,0.0
0,0.0,333.0,42.19999999999996,237.10000000000113,52.2,0.0
0,0.0,334.0,42.05000000000034,237.00000000000037,53.5,0.0
0,0.0,335.0,42.25000000000029,237.00000000000003,51.5,0.0
0,0.0,336.0,42.46000000000021,237.30000000000064,50.0,0.0
0,0.0,337.0,42.50000000000032,237.2000000000003,49.4,0.0
0,0.0,338.0,42.49000000000017,237.0000000000002,49.1,0.0
0,0.0,339.0,42.570000000000356,237.20000000000036,48.7,0.0
0,0.0,340.0,42.28000000000014,237.400000000001,52.0,0.0
0,0.0,341.0,42.54000000000031,237.20000000000002,49.0,0.0
0,0.0,342.0,42.38000000000009,237.30000000000047,50.8,0.0
0,0.0,343.0,42.51000000000022,237.0000000000003,48.9,0.0
0,0.0,344.0,42.470000000000276,237.20000000000024,49.7,0.0
0,0.0,345.0,42.22000000000018,237.00000000000068,51.8,0.0
0,0.0,346.0,42.530000000000285,237.2000000000002,49.1,0.0
0,0.0,347.0,42.45000000000028,237.10000000000016,49.7,0.0
0,0.0,348.0,42.49000000000028,237.20000000000041,49.5,0.0
0,0.0,349.0,42.520000000000294,237.30000000000032,49.4,0.0
0,0.0,350.0,42.570000000000185,237.20000000000027,48.7,0.0
0,0.0,351.0,42.53000000000022,237.30000000000052,49.3,0.0
0,0.0,352.0,42.5500000000003,237.09999999999994,48.7,0.0
0,0.0,353.0,42.64000000000027,237.30000000000007,48.2,0.0
0,0.0,354.0,33.5400000000002,215.80000000000032,,1.0
0,0.0,355.0,42.51000000000008,237.3000000000006,49.5,0.0
0,0.0,356.0,42.43000000000021,237.3000000000006,50.3,0.0
0,0.0,357.0,42.550000000000324,237.30000000000038,49.1,0.0
0,0.0,358.0,16.759999999999994,121.60000000000022,,1.0
0,0.0,359.0,42.50000000000019,237.00000000000023,49.0,0.0
0,0.0,360.0,42.50000000000032,237.40000000000035,49.8,0.0
0,0.0,361.0,42.38000000000008,237.10000000000082,50.4,0.0
0,0.0,362.0,42.34000000000008,237.00000000000048,50.6,0.0
0,0.0,363.0,42.32000000000031,237.3999999999999,51.6,0.0
0,0.0,364.0,42.48000000000004,237.2000000000005,49.6,0.0
0,0.0,365.0,42.4900000000002,237.10000000000005,49.3,0.0
0,0.0,366.0,42.50000000000026,237.39999999999992,49.8,0.0
0,0.0,367.0,42.50000000000018,237.2000000000003,49.4,0.0
0,0.0,368.0,42.50000000000029,237.20000000000002,49.4,0.0
0,0.0,369.0,42.470000000000354,237.10000000000065,49.5,0.0
0,0.0,370.0,42.410000000000274,237.19999999999987,50.3,0.0
0,0.0,371.0,42.480000000000054,237.4000000000005,50.0,0.0
0,0.0,372.0,42.490000000000315,237.00000000000009,49.1,0.0
0,0.0,373.0,42.520000000000316,237.30000000000007,49.4,0.0
0,0.0,374.0,42.52000000000035,237.20000000000044,49.2,0.0
0,0.0,375.0,42.41000000000037,237.2000000000009,50.3,0.0
0,0.0,376.0,42.430000000000334,237.30000000000038,50.3,0.0
0,0.0,377.0,42.450000000000315,237.5000000000004,50.5,0.0
0,0.0,378.0,42.35000000000017,237.00000000000023,50.5,0.0
0,0.0,379.0,42.420000000000336,237.10000000000034,50.0,0.0
0,0.0,380.0,42.42000000000032,237.00000000000043,49.8,0.0
0,0.0,381.0,16.930000000000064,125.6000000000002,,1.0
0,0.0,382.0,-3.2699999999999996,10.100000000000001,,1.0
0,0.0,383.0,42.31000000000036,237.20000000000027,51.3,0.0
0,0.0,384.0,42.40000000000022,237.39999999999995,50.8,0.0
0,0.0,385.0,42.560000000000336,237.30000000000052,49.0,0.0
0,0.0,386.0,42.440000000000055,237.10000000000053,49.8,0.0
0,0.0,387.0,42.480000000000345,237.4000000000005,50.0,0.0
0,0.0,388.0,42.56000000000031,237.29999999999998,49.0,0.0
0,0.0,389.0,42.46000000000032,237.2000000000002,49.8,0.0
0,0.0,390.0,42.60000000000032,237.10000000000022,48.2,0.0
0,0.0,391.0,42.610000000000284,237.4000000000002,48.7,0.0
0,0.0,392.0,42.54000000000028,237.1999999999999,49.0,0.0
0,0.0,393.0,42.670000000000236,237.00000000000006,47.3,0.0
0,0.0,394.0,42.69000000000028,237.4000000000001,47.9,0.0
0,0.0,395.0,42.60000000000027,237.00000000000037,48.0,0.0
0,0.0,396.0,20.699999999999974,143.29999999999998,,1.0
0,0.0,397.0,4.60000000000001,54.199999999999925,,1.0
0,0.0,398.0,0.36999999999999655,30.400000000000002,,1.0
0,0.0,399.0,42.690000000000275,237.40000000000015,47.9,0.0
0,0.0,400.0,-0.16000000000000192,27.2,,1.0
0,0.0,401.0,25.96999999999999,173.00000000000006,,1.0
0,0.0,402.0,25.31999999999999,169.70000000000007,,1.0
0,0.0,403.0,3.8100000000000094,50.099999999999916,,1.0
0,0.0,404.0,12.269999999999989,96.7,,1.0
0,0.0,405.0,42.52000000000029,237.4000000000003,49.6,0.0
0,0.0,406.0,42.650000000000276,237.49999999999986,48.5,0.0
0,0.0,407.0,6.429999999999987,63.70000000000001,,1.0
0,0.0,408.0,42.62000000000027,237.30000000000013,48.4,0.0
0,0.0,409.0,42.65000000000027,237.39999999999992,48.3,0.0
0,0.0,410.0,42.740000000000244,237.2999999999999,47.2,0.0
0,0.0,411.0,42.670000000000265,237.19999999999985,47.7,0.0
0,0.0,412.0,42.72000000000031,237.30000000000013,47.4,0.0
0,0.0,413.0,42.77000000000027,237.4999999999999,47.3,0.0
0,0.0,414.0,42.71000000000027,237.40000000000012,47.7,0.0
0,0.0,415.0,42.65000000000032,237.00000000000014,47.5,0.0
0,0.0,416.0,42.70000000000031,237.4000000000001,47.8,0.0
0,0.0,417.0,42.69000000000027,237.29999999999995,47.7,0.0
0,0.0,418.0,42.70000000000027,237.2,47.4,0.0
0,0.0,419.0,42.76000000000026,237.39999999999992,47.2,0.0
0,0.0,420.0,42.72000000000025,237.29999999999998,47.4,0.0
0,0.0,421.0,42.72000000000026,237.19999999999993,47.2,0.0
0,0.0,422.0,42.750000000000256,237.29999999999984,47.1,0.0
0,0.0,423.0,42.75000000000024,237.4,47.3,0.0
0,0.0,424.0,42.750000000000256,237.2999999999999,47.1,0.0
0,0.0,425.0,42.67000000000026,237.20000000000002,47.7,0.0
0,0.0,426.0,42.61000000000026,237.00000000000017,47.9,0.0
0,0.0,427.0,42.75000000000027,237.49999999999994,47.5,0.0
0,0.0,428.0,42.68000000000021,237.19999999999993,47.6,0.0
0,0.0,429.0,42.6600000000003,237.3000000000001,48.0,0.0
0,0.0,430.0,42.70000000000025,237.4,47.8,0.0
0,0.0,431.0,42.59000000000025,237.10000000000005,48.3,0.0
0,0.0,432.0,42.700000000000315,237.30000000000013,47.6,0.0
0,0.0,433.0,42.680000000000234,237.2,47.6,0.0
0,0.0,434.0,42.62000000000028,237.10000000000016,48.0,0.0
0,0.0,435.0,42.65000000000032,237.20000000000024,47.9,0.0
0,0.0,436.0,19.24999999999998,135.10000000000005,,1.0
0,0.0,437.0,42.710000000000306,237.40000000000018,47.7,0.0
0,0.0,438.0,42.67000000000024,237.20000000000002,47.7,0.0
0,0.0,439.0,42.660000000000274,237.20000000000005,47.8,0.0
0,0.0,440.0,15.649999999999984,115.20000000000007,,1.0
0,0.0,441.0,42.650000000000254,237.4000000000002,48.3,0.0
0,0.0,442.0,42.70000000000029,237.4,47.8,0.0
0,0.0,443.0,28.43000000000002,186.40000000000018,,1.0
0,0.0,444.0,-3.6499999999999995,7.800000000000001,,1.0
0,0.0,445.0,5.199999999999992,57.09999999999999,,1.0
0,0.0,446.0,42.6600000000003,237.20000000000005,47.8,0.0
0,0.0,447.0,42.620000000000275,237.00000000000014,47.8,0.0
0,0.0,448.0,1.899999999999996,38.699999999999996,,1.0
0,0.0,449.0,42.66000000000028,237.00000000000009,47.4,0.0
0,0.0,450.0,42.620000000000246,237.00000000000003,47.8,0.0
0,0.0,451.0,5.399999999999993,58.19999999999998,,1.0
0,0.0,452.0,8.479999999999988,75.7,,1.0
0,0.0,453.0,42.570000000000256,237.0000000000001,48.3,0.0
0,0.0,454.0,42.65000000000029,237.40000000000015,48.3,0.0
0,0.0,455.0,42.580000000000275,237.10000000000022,48.4,0.0
0,0.0,456.0,42.54000000000023,237.10000000000028,48.8,0.0
0,0.0,457.0,42.61000000000022,237.20000000000016,48.3,0.0
0,0.0,458.0,32.060000000000095,206.00000000000009,,1.0
0,0.0,459.0,42.65000000000028,237.20000000000016,47.9,0.0
0,0.0,460.0,42.690000000000275,237.39999999999992,47.9,0.0
0,0.0,461.0,42.62000000000028,237.10000000000005,48.0,0.0
0,0.0,462.0,42.73000000000028,237.49999999999991,47.7,0.0
0,0.0,463.0,42.66000000000028,237.19999999999993,47.8,0.0
0,0.0,464.0,42.65000000000028,237.40000000000015,48.3,0.0
0,0.0,465.0,42.560000000000315,237.20000000000027,48.8,0.0
0,0.0,466.0,42.68000000000027,237.29999999999998,47.8,0.0
0,0.0,467.0,42.60000000000027,237.00000000000003,48.0,0.0
0,0.0,468.0,42.65000000000023,237.20000000000005,47.9,0.0
0,0.0,469.0,42.690000000000325,237.2000000000001,47.5,0.0
0,0.0,470.0,42.70000000000032,237.40000000000006,47.8,0.0
0,0.0,471.0,42.66000000000029,237.00000000000006,47.4,0.0
0,0.0,472.0,42.710000000000306,237.30000000000015,47.5,0.0
0,0.0,473.0,42.740000000000244,237.49999999999991,47.6,0.0
0,0.0,474.0,42.690000000000204,237.29999999999993,47.7,0.0
0,0.0,475.0,42.730000000000246,237.29999999999995,47.3,0.0
0,0.0,476.0,6.019999999999998,61.4,,1.0
0,0.0,477.0,42.64000000000029,237.40000000000038,48.4,0.0
0,0.0,478.0,42.64000000000019,237.09999999999997,47.8,0.0
0,0.0,479.0,42.680000000000284,237.30000000000015,47.8,0.0
0,0.0,480.0,-4.62,2.4000000000000004,,1.0
0,0.0,481.0,42.650000000000276,237.30000000000007,48.1,0.0
0,0.0,482.0,42.67000000000027,237.29999999999998,47.9,0.0
0,0.0,483.0,42.55000000000025,237.00000000000014,48.5,0.0
0,0.0,484.0,42.64000000000027,237.20000000000005,48.0,0.0
0,0.0,485.0,42.67000000000032,237.30000000000027,47.9,0.0
0,0.0,486.0,42.7100000000003,237.4000000000001,47.7,0.0
0,0.0,487.0,42.70000000000023,237.40000000000015,47.8,0.0
0,0.0,488.0,42.65000000000026,237.20000000000005,47.9,0.0
0,0.0,489.0,42.710000000000285,237.20000000000013,47.3,0.0
0,0.0,490.0,42.700000000000266,237.19999999999987,47.4,0.0
0,0.0,491.0,42.620000000000296,237.30000000000024,48.4,0.0
0,0.0,492.0,42.69000000000027,237.20000000000022,47.5,0.0
0,0.0,493.0,42.630000000000265,237.19999999999993,48.1,0.0
0,0.0,494.0,42.67000000000025,237.20000000000002,47.7,0.0
0,0.0,495.0,42.640000000000214,237.29999999999998,48.2,0.0
0,0.0,496.0,42.690000000000296,237.30000000000015,47.7,0.0
0,0.0,497.0,42.69000000000026,237.3000000000002,47.7,0.0
0,0.0,498.0,42.63000000000027,237.1999999999999,48.1,0.0
0,0.0,499.0,12.259999999999994,96.6000000000001,,1.0
0,0.0,500.0,-4.14,5.3,,1.0
0,0.0,501.0,42.63000000000021,237.2000000000004,48.1,0.0
0,0.0,502.0,42.520000000000174,237.0000000000005,48.8,0.0
0,0.0,503.0,42.64000000000023,237.20000000000002,48.0,0.0
0,0.0,504.0,42.71000000000024,237.40000000000012,47.7,0.0
0,0.0,505.0,42.56000000000019,237.0000000000004,48.4,0.0
0,0.0,506.0,42.620000000000275,237.3000000000001,48.4,0.0
0,0.0,507.0,42.70000000000026,237.49999999999994,48.0,0.0
0,0.0,508.0,42.66000000000027,237.1999999999999,47.8,0.0
0,0.0,509.0,42.730000000000274,237.4000000000001,47.5,0.0
0,0.0,510.0,42.59000000000025,237.30000000000038,48.7,0.0
0,0.0,511.0,42.58000000000021,237.30000000000052,48.8,0.0
0,0.0,512.0,42.63000000000028,237.3999999999999,48.5,0.0
0,0.0,513.0,42.6400000000003,237.10000000000028,47.8,0.0
0,0.0,514.0,42.690000000000246,237.2,47.5,0.0
0,0.0,515.0,42.71000000000018,237.29999999999995,47.5,0.0
0,0.0,516.0,15.70999999999998,115.09999999999992,,1.0
0,0.0,517.0,42.710000000000285,237.49999999999997,47.9,0.0
0,0.0,518.0,42.61000000000025,237.0000000000003,47.9,0.0
0,0.0,519.0,5.449999999999992,58.30000000000001,,1.0
0,0.0,520.0,42.720000000000255,237.29999999999995,47.4,0.0
0,0.0,521.0,42.67000000000028,237.30000000000004,47.9,0.0
0,0.0,522.0,42.64000000000024,237.00000000000003,47.6,0.0
0,0.0,523.0,42.650000000000276,237.10000000000022,47.7,0.0
0,0.0,524.0,42.58000000000025,237.10000000000014,48.4,0.0
0,0.0,525.0,42.58000000000026,237.10000000000014,48.4,0.0
0,0.0,526.0,42.720000000000255,237.39999999999986,47.6,0.0
0,0.0,527.0,42.70000000000025,237.49999999999997,48.0,0.0
0,0.0,528.0,42.73000000000023,237.29999999999987,47.3,0.0
0,0.0,529.0,42.70000000000029,237.2000000000001,47.4,0.0
0,0.0,530.0,42.72000000000028,237.30000000000015,47.4,0.0
0,0.0,531.0,42.660000000000274,237.19999999999996,47.8,0.0
0,0.0,532.0,42.64000000000029,237.30000000000032,48.2,0.0
0,0.0,533.0,42.52000000000025,237.00000000000026,48.8,0.0
0,0.0,534.0,42.57000000000023,237.10000000000014,48.5,0.0
0,0.0,535.0,42.59000000000027,237.4000000000003,48.9,0.0
0,0.0,536.0,42.480000000000246,237.0000000000005,49.2,0.0
0,0.0,537.0,42.54000000000026,237.20000000000027,49.0,0.0
0,0.0,538.0,42.36000000000013,237.00000000000063,50.4,0.0
0,0.0,539.0,42.570000000000206,237.30000000000055,48.9,0.0
0,0.0,540.0,42.59000000000026,237.20000000000027,48.5,0.0
0,0.0,541.0,42.560000000000265,237.10000000000025,48.6,0.0
0,0.0,542.0,42.58000000000028,237.20000000000044,48.6,0.0
0,0.0,543.0,42.57000000000024,237.30000000000018,48.9,0.0
0,0.0,544.0,42.73000000000026,237.49999999999997,47.7,0.0
0,0.0,545.0,42.670000000000314,237.39999999999995,48.1,0.0
0,0.0,546.0,42.59000000000027,237.30000000000038,48.7,0.0
0,0.0,547.0,32.19000000000007,207.10000000000002,,1.0
0,0.0,548.0,42.62000000000025,237.1000000000001,48.0,0.0
0,0.0,549.0,42.69000000000024,237.09999999999985,47.3,0.0
0,0.0,550.0,42.6100000000002,237.20000000000022,48.3,0.0
0,0.0,551.0,42.69000000000024,237.3999999999999,47.9,0.0
0,0.0,552.0,42.70000000000026,237.29999999999998,47.6,0.0
0,0.0,553.0,9.559999999999986,81.39999999999999,,1.0
0,0.0,554.0,42.69000000000022,237.30000000000004,47.7,0.0
0,0.0,555.0,42.75000000000021,237.39999999999984,47.3,0.0
0,0.0,556.0,42.77000000000024,237.6,47.5,0.0
0,0.0,557.0,31.23000000000004,201.79999999999993,,1.0
0,0.0,558.0,42.640000000000285,237.00000000000006,47.6,0.0
0,0.0,559.0,42.67000000000025,237.40000000000006,48.1,0.0
0,0.0,560.0,42.59000000000029,237.40000000000015,48.9,0.0
0,0.0,561.0,42.64000000000024,237.1000000000002,47.8,0.0
0,0.0,562.0,42.53000000000021,237.00000000000003,48.7,0.0
0,0.0,563.0,42.54000000000019,237.3000000000002,49.2,0.0
0,0.0,564.0,42.64000000000027,237.30000000000013,48.2,0.0
0,0.0,565.0,42.650000000000176,237.30000000000027,48.1,0.0
0,0.0,566.0,42.570000000000235,237.0000000000003,48.3,0.0
0,0.0,567.0,9.809999999999985,83.09999999999995,,1.0
0,0.0,568.0,42.69000000000021,237.10000000000002,47.3,0.0
0,0.0,569.0,42.56000000000022,237.10000000000048,48.6,0.0
0,0.0,570.0,13.279999999999987,102.39999999999998,,1.0
0,0.0,571.0,42.68000000000023,237.59999999999985,48.4,0.0
0,0.0,572.0,42.71000000000028,237.10000000000005,47.1,0.0
0,0.0,573.0,42.76000000000022,237.49999999999991,47.4,0.0
0,0.0,574.0,42.67000000000028,237.10000000000008,47.5,0.0
0,0.0,575.0,42.48000000000024,237.10000000000073,49.4,0.0
0,0.0,576.0,35.24000000000021,224.49999999999997,,1.0
0,0.0,577.0,5.5099999999999945,58.30000000000001,,1.0
0,0.0,578.0,42.670000000000286,237.2000000000002,47.7,0.0
0,0.0,579.0,7.4599999999999955,69.10000000000001,,1.0
0,0.0,580.0,34.75000000000017,221.40000000000012,,1.0
0,0.0,581.0,42.67000000000028,237.29999999999998,47.9,0.0
0,0.0,582.0,42.6000000000002,237.30000000000015,48.6,0.0
0,0.0,583.0,8.099999999999987,72.9,,1.0
0,0.0,584.0,34.07000000000013,217.50000000000003,,1.0
0,0.0,585.0,42.670000000000236,237.19999999999993,47.7,0.0
0,0.0,586.0,42.59000000000021,237.20000000000056,48.5,0.0
0,0.0,587.0,42.51000000000025,237.10000000000036,49.1,0.0
0,0.0,588.0,42.49000000000023,237.20000000000067,49.5,0.0
0,0.0,589.0,42.56000000000023,237.40000000000003,49.2,0.0
0,0.0,590.0,42.460000000000264,237.09999999999997,49.6,0.0
0,0.0,591.0,20.070000000000014,140.20000000000047,,1.0
0,0.0,592.0,42.140000000000285,237.3,53.2,0.0
0,0.0,593.0,42.73000000000027,237.3999999999998,47.5,0.0
0,0.0,594.0,42.57000000000026,237.0000000000001,48.3,0.0
0,0.0,595.0,11.489999999999984,91.89999999999999,,1.0
0,0.0,596.0,42.490000000000194,237.00000000000034,49.1,0.0
0,0.0,597.0,42.430000000000284,237.20000000000041,50.1,0.0
0,0.0,598.0,42.55000000000026,237.30000000000004,49.1,0.0
0,0.0,599.0,-3.2599999999999993,10.4,,1.0
0,0.0,600.0,32.090000000000074,206.50000000000028,,1.0
0,0.0,601.0,42.74000000000023,237.49999999999977,47.6,0.0
0,0.0,602.0,42.74000000000022,237.4,47.4,0.0
0,0.0,603.0,5.909999999999995,61.19999999999997,,1.0
0,0.0,604.0,10.139999999999995,84.70000000000005,,1.0
0,0.0,605.0,42.65000000000026,237.20000000000024,47.9,0.0
0,0.0,606.0,17.739999999999995,127.00000000000016,,1.0
0,0.0,607.0,-1.7600000000000007,18.300000000000004,,1.0
0,0.0,608.0,42.5100000000002,237.20000000000064,49.3,0.0
0,0.0,609.0,42.5300000000003,237.00000000000026,48.7,0.0
0,0.0,610.0,13.889999999999976,105.29999999999995,,1.0
0,0.0,611.0,42.65000000000021,237.30000000000007,48.1,0.0
0,0.0,612.0,42.68000000000025,237.09999999999997,47.4,0.0
0,0.0,613.0,42.65000000000022,237.4000000000001,48.3,0.0
0,0.0,614.0,42.64000000000024,237.10000000000014,47.8,0.0
0,0.0,615.0,19.249999999999986,135.50000000000006,,1.0
0,0.0,616.0,-4.25,4.499999999999999,,1.0
0,0.0,617.0,42.60000000000022,237.30000000000015,48.6,0.0
0,0.0,618.0,42.670000000000314,237.30000000000013,47.9,0.0
0,0.0,619.0,42.66000000000017,237.40000000000015,48.2,0.0
0,0.0,620.0,9.589999999999987,81.69999999999993,,1.0
0,0.0,621.0,1.4399999999999977,35.800000000000004,,1.0
0,0.0,622.0,42.690000000000246,237.09999999999994,47.3,0.0
0,0.0,623.0,42.70000000000024,237.09999999999985,47.2,0.0
0,0.0,624.0,42.710000000000214,237.29999999999993,47.5,0.0
0,0.0,625.0,42.77000000000028,237.49999999999991,47.3,0.0
0,0.0,626.0,42.71000000000023,237.20000000000005,47.3,0.0
0,0.0,627.0,42.72000000000022,237.6,48.0,0.0
0,0.0,628.0,36.020000000000216,228.20000000000002,,1.0
0,0.0,629.0,32.55000000000013,209.30000000000004,,1.0
0,0.0,630.0,21.449999999999985,147.10000000000016,,1.0
0,0.0,631.0,42.59000000000027,237.30000000000007,48.7,0.0
0,0.0,632.0,42.56000000000023,237.00000000000003,48.4,0.0
0,0.0,633.0,42.600000000000236,237.40000000000023,48.8,0.0
0,0.0,634.0,4.269999999999994,52.09999999999998,,1.0
0,0.0,635.0,12.279999999999983,96.49999999999997,,1.0
0,0.0,636.0,42.63000000000024,237.4,48.5,0.0
0,0.0,637.0,22.979999999999976,156.19999999999996,,1.0
0,0.0,638.0,42.64000000000032,237.10000000000022,47.8,0.0
0,0.0,639.0,42.66000000000026,237.4000000000001,48.2,0.0
0,0.0,640.0,42.65000000000025,237.3000000000001,48.1,0.0
0,0.0,641.0,42.760000000000204,237.29999999999987,47.0,0.0
0,0.0,642.0,24.589999999999964,164.80000000000004,,1.0
0,0.0,643.0,17.819999999999993,127.60000000000008,,1.0
0,0.0,644.0,42.73000000000026,237.49999999999991,47.7,0.0
0,0.0,645.0,42.660000000000245,237.30000000000004,48.0,0.0
0,0.0,646.0,42.74000000000023,237.29999999999984,47.2,0.0
0,0.0,647.0,42.66000000000024,237.30000000000007,48.0,0.0
0,0.0,648.0,42.670000000000265,237.30000000000013,47.9,0.0
0,0.0,649.0,24.34999999999997,163.7000000000001,,1.0
0,0.0,650.0,19.92999999999999,139.00000000000006,,1.0
0,0.0,651.0,42.59000000000026,237.00000000000006,48.1,0.0
0,0.0,652.0,42.650000000000276,237.4000000000002,48.3,0.0
0,0.0,653.0,42.64000000000026,237.10000000000005,47.8,0.0
0,0.0,654.0,42.74000000000031,237.40000000000006,47.4,0.0
0,0.0,655.0,-1.8800000000000008,17.9,,1.0
0,0.0,656.0,17.439999999999998,125.60000000000018,,1.0
0,0.0,657.0,42.64000000000025,237.40000000000003,48.4,0.0
0,0.0,658.0,42.64000000000029,237.30000000000013,48.2,0.0
0,0.0,659.0,42.70000000000027,237.2,47.4,0.0
0,0.0,660.0,42.74000000000025,237.39999999999998,47.4,0.0
0,0.0,661.0,29.610000000000063,193.20000000000005,,1.0
0,0.0,662.0,42.700000000000266,237.19999999999996,47.4,0.0
0,0.0,663.0,42.75000000000024,237.49999999999997,47.5,0.0
0,0.0,664.0,42.600000000000264,237.10000000000022,48.2,0.0
0,0.0,665.0,42.69000000000022,237.4000000000001,47.9,0.0
0,0.0,666.0,42.660000000000274,237.40000000000006,48.2,0.0
0,0.0,667.0,42.6500000000003,237.30000000000015,48.1,0.0
0,0.0,668.0,18.33999999999999,130.2000000000001,,1.0
0,0.0,669.0,20.97999999999997,145.0,,1.0
0,0.0,670.0,42.610000000000305,237.10000000000025,48.1,0.0
0,0.0,671.0,42.5000000000003,237.10000000000042,49.2,0.0
0,0.0,672.0,42.480000000000224,237.00000000000037,49.2,0.0
0,0.0,673.0,42.48000000000028,237.10000000000028,49.4,0.0
0,0.0,674.0,42.71000000000023,237.5,47.9,0.0
0,0.0,675.0,42.63000000000029,237.20000000000007,48.1,0.0
0,0.0,676.0,42.67000000000026,237.30000000000007,47.9,0.0
0,0.0,677.0,42.66000000000029,237.10000000000005,47.6,0.0
0,0.0,678.0,42.64000000000017,237.10000000000014,47.8,0.0
0,0.0,679.0,42.670000000000265,237.29999999999998,47.9,0.0
0,0.0,680.0,-1.5100000000000016,19.9,,1.0
0,0.0,681.0,42.670000000000186,237.30000000000013,47.9,0.0
0,0.0,682.0,42.78000000000019,237.49999999999997,47.2,0.0
0,0.0,683.0,42.71000000000029,237.40000000000015,47.7,0.0
0,0.0,684.0,42.66000000000031,237.20000000000024,47.8,0.0
0,0.0,685.0,42.63000000000021,237.10000000000005,47.9,0.0
0,0.0,686.0,42.61000000000026,237.00000000000014,47.9,0.0
0,0.0,687.0,42.6700000000003,237.20000000000005,47.7,0.0
0,0.0,688.0,42.66000000000025,237.20000000000007,47.8,0.0
0,0.0,689.0,42.710000000000264,237.40000000000012,47.7,0.0
0,0.0,690.0,42.610000000000255,237.00000000000014,47.9,0.0
0,0.0,691.0,42.750000000000306,237.40000000000006,47.3,0.0
0,0.0,692.0,42.680000000000305,237.30000000000015,47.8,0.0
0,0.0,693.0,42.66000000000025,237.20000000000013,47.8,0.0
0,0.0,694.0,42.65000000000021,237.4000000000001,48.3,0.0
0,0.0,695.0,33.44000000000011,213.9,,1.0
0,0.0,696.0,42.63000000000029,237.20000000000016,48.1,0.0
0,0.0,697.0,42.66000000000032,237.30000000000013,48.0,0.0
0,0.0,698.0,42.65000000000029,237.10000000000002,47.7,0.0
0,0.0,699.0,42.62000000000034,237.30000000000018,48.4,0.0
0,0.0,700.0,42.55000000000021,237.10000000000028,48.7,0.0
0,0.0,701.0,42.49000000000033,237.3000000000005,49.7,0.0
0,0.0,702.0,42.58000000000029,237.0000000000001,48.2,0.0
0,0.0,703.0,42.65000000000031,237.30000000000013,48.1,0.0
0,0.0,704.0,42.64000000000028,237.1,47.8,0.0
0,0.0,705.0,42.41000000000027,237.00000000000028,49.9,0.0
0,0.0,706.0,42.61000000000026,237.00000000000006,47.9,0.0
0,0.0,707.0,42.67000000000025,237.3,47.9,0.0
0,0.0,708.0,42.64000000000031,237.3000000000003,48.2,0.0
0,0.0,709.0,42.72000000000026,237.39999999999992,47.6,0.0
0,0.0,710.0,42.62000000000022,237.10000000000005,48.0,0.0
0,0.0,711.0,42.60000000000029,237.2,48.4,0.0
0,0.0,712.0,42.60000000000022,237.10000000000008,48.2,0.0
0,0.0,713.0,42.61000000000027,237.10000000000022,48.1,0.0
0,0.0,714.0,42.63000000000027,237.2000000000001,48.1,0.0
0,0.0,715.0,42.5700000000003,237.00000000000026,48.3,0.0
0,0.0,716.0,42.65000000000029,237.30000000000024,48.1,0.0
0,0.0,717.0,42.6500000000003,237.30000000000015,48.1,0.0
0,0.0,718.0,42.73000000000026,237.49999999999994,47.7,0.0
0,0.0,719.0,42.64000000000024,237.10000000000002,47.8,0.0
0,0.0,720.0,42.63000000000025,237.1000000000001,47.9,0.0
0,0.0,721.0,42.6800000000003,237.4000000000002,48.0,0.0
0,0.0,722.0,42.680000000000256,237.20000000000007,47.6,0.0
0,0.0,723.0,4.479999999999993,52.89999999999999,,1.0
0,0.0,724.0,42.67000000000029,237.1000000000001,47.5,0.0
0,0.0,725.0,42.740000000000194,237.5,47.6,0.0
0,0.0,726.0,42.660000000000316,237.20000000000016,47.8,0.0
0,0.0,727.0,42.650000000000226,237.30000000000015,48.1,0.0
0,0.0,728.0,42.76000000000024,237.5,47.4,0.0
0,0.0,729.0,42.68000000000024,237.10000000000002,47.4,0.0
0,0.0,730.0,42.53000000000021,237.1000000000002,48.9,0.0
0,0.0,731.0,42.63000000000022,237.30000000000018,48.3,0.0
0,0.0,732.0,42.66000000000029,237.20000000000013,47.8,0.0
0,0.0,733.0,42.670000000000265,237.09999999999997,47.5,0.0
0,0.0,734.0,42.71000000000029,237.3,47.5,0.0
0,0.0,735.0,42.67000000000032,237.40000000000006,48.1,0.0
0,0.0,736.0,42.69000000000027,237.30000000000004,47.7,0.0
0,0.0,737.0,42.75000000000027,237.49999999999991,47.5,0.0
0,0.0,738.0,20.599999999999973,142.30000000000004,,1.0
0,0.0,739.0,42.730000000000274,237.39999999999995,47.5,0.0
0,0.0,740.0,42.73000000000027,237.40000000000003,47.5,0.0
0,0.0,741.0,32.92000000000006,211.20000000000013,,1.0
0,0.0,742.0,42.620000000000275,237.40000000000012,48.6,0.0
0,0.0,743.0,42.67000000000027,237.2,47.7,0.0
0,0.0,744.0,42.62000000000029,237.00000000000026,47.8,0.0
0,0.0,745.0,42.710000000000306,237.1000000000001,47.1,0.0
0,0.0,746.0,42.66000000000029,237.20000000000007,47.8,0.0
0,0.0,747.0,42.66000000000025,237.10000000000002,47.6,0.0
0,0.0,748.0,42.720000000000276,237.20000000000013,47.2,0.0
0,0.0,749.0,42.780000000000236,237.39999999999986,47.0,0.0
0,0.0,750.0,42.71000000000023,237.19999999999987,47.3,0.0
0,0.0,751.0,42.70000000000023,237.40000000000006,47.8,0.0
0,0.0,752.0,42.720000000000304,237.39999999999995,47.6,0.0
0,0.0,753.0,42.65000000000027,237.40000000000018,48.3,0.0
0,0.0,754.0,42.520000000000266,237.00000000000028,48.8,0.0
0,0.0,755.0,42.5700000000003,237.3000000000002,48.9,0.0
0,0.0,756.0,42.5500000000003,237.1000000000004,48.7,0.0
0,0.0,757.0,42.700000000000244,237.19999999999993,47.4,0.0
0,0.0,758.0,42.69000000000024,237.2,47.5,0.0
0,0.0,759.0,42.690000000000275,237.40000000000018,47.9,0.0
0,0.0,760.0,42.69000000000027,237.20000000000002,47.5,0.0
0,0.0,761.0,1.4799999999999969,36.40000000000001,,1.0
0,0.0,762.0,30.670000000000073,198.9000000000001,,1.0
0,0.0,763.0,42.60000000000025,237.00000000000017,48.0,0.0
0,0.0,764.0,42.55000000000028,237.00000000000017,48.5,0.0
0,0.0,765.0,42.63000000000029,237.30000000000015,48.3,0.0
0,0.0,766.0,42.70000000000027,237.09999999999988,47.2,0.0
0,0.0,767.0,42.650000000000276,237.10000000000008,47.7,0.0
0,0.0,768.0,42.62000000000024,237.1000000000001,48.0,0.0
0,0.0,769.0,42.6600000000003,237.30000000000027,48.0,0.0
0,0.0,770.0,37.42000000000021,236.30000000000007,,1.0
0,0.0,771.0,5.149999999999999,56.99999999999996,,1.0
0,0.0,772.0,42.60000000000027,237.00000000000006,48.0,0.0
0,0.0,773.0,42.66000000000026,237.4,48.2,0.0
0,0.0,774.0,42.61000000000031,237.3000000000003,48.5,0.0
0,0.0,775.0,42.680000000000284,237.29999999999998,47.8,0.0
0,0.0,776.0,42.680000000000305,237.30000000000015,47.8,0.0
0,0.0,777.0,21.02999999999998,145.20000000000007,,1.0
0,0.0,778.0,42.59000000000026,237.10000000000005,48.3,0.0
0,0.0,779.0,42.650000000000254,237.50000000000014,48.5,0.0
0,0.0,780.0,42.610000000000326,237.20000000000027,48.3,0.0
0,0.0,781.0,42.670000000000286,237.30000000000018,47.9,0.0
0,0.0,782.0,42.60000000000023,237.20000000000027,48.4,0.0
0,0.0,783.0,42.540000000000305,237.00000000000026,48.6,0.0
0,0.0,784.0,42.620000000000275,237.30000000000013,48.4,0.0
0,0.0,785.0,42.62000000000029,237.30000000000018,48.4,0.0
0,0.0,786.0,42.58000000000029,237.10000000000025,48.4,0.0
0,0.0,787.0,42.600000000000264,237.30000000000027,48.6,0.0
0,0.0,788.0,42.64000000000022,237.40000000000026,48.4,0.0
0,0.0,789.0,42.55000000000026,237.0000000000002,48.5,0.0
0,0.0,790.0,42.620000000000246,237.40000000000015,48.6,0.0
0,0.0,791.0,42.64000000000031,237.4000000000001,48.4,0.0
0,0.0,792.0,42.580000000000254,237.40000000000038,49.0,0.0
0,0.0,793.0,42.54000000000029,237.20000000000024,49.0,0.0
0,0.0,794.0,-1.9600000000000009,17.3,,1.0
0,0.0,795.0,42.59000000000033,237.40000000000018,48.9,0.0
0,0.0,796.0,42.480000000000274,237.10000000000045,49.4,0.0
0,0.0,797.0,42.550000000000296,237.00000000000026,48.5,0.0
0,0.0,798.0,42.500000000000256,237.10000000000034,49.2,0.0
0,0.0,799.0,42.44000000000026,237.00000000000023,49.6,0.0
0,0.0,800.0,42.45000000000024,237.10000000000053,49.7,0.0
0,0.0,801.0,42.44000000000025,237.00000000000017,49.6,0.0
0,0.0,802.0,42.490000000000286,237.20000000000013,49.5,0.0
0,0.0,803.0,42.540000000000255,237.00000000000017,48.6,0.0
0,0.0,804.0,42.58000000000032,237.10000000000034,48.4,0.0
0,0.0,805.0,42.5500000000002,237.0000000000002,48.5,0.0
0,0.0,806.0,42.62000000000032,237.40000000000038,48.6,0.0
0,0.0,807.0,42.62000000000024,237.20000000000022,48.2,0.0
0,0.0,808.0,8.939999999999994,78.19999999999999,,1.0
0,0.0,809.0,42.58000000000026,237.30000000000032,48.8,0.0
0,0.0,810.0,42.64000000000028,237.2000000000002,48.0,0.0
0,0.0,811.0,42.63000000000025,237.30000000000038,48.3,0.0
0,0.0,812.0,42.61000000000025,237.3000000000001,48.5,0.0
0,0.0,813.0,42.66000000000023,237.30000000000032,48.0,0.0
0,0.0,814.0,42.520000000000266,237.10000000000042,49.0,0.0
0,0.0,815.0,42.530000000000264,237.3000000000002,49.3,0.0
0,0.0,816.0,42.49000000000032,237.10000000000025,49.3,0.0
0,0.0,817.0,42.640000000000235,237.40000000000018,48.4,0.0
0,0.0,818.0,42.5800000000002,237.2000000000002,48.6,0.0
0,0.0,819.0,42.610000000000284,237.5000000000001,48.9,0.0
0,0.0,820.0,11.679999999999996,93.29999999999993,,1.0
0,0.0,821.0,42.57000000000027,237.10000000000034,48.5,0.0
0,0.0,822.0,42.65000000000029,237.40000000000018,48.3,0.0
0,0.0,823.0,13.169999999999987,101.70000000000006,,1.0
0,0.0,824.0,42.5100000000003,237.4000000000005,49.7,0.0
0,0.0,825.0,42.54000000000029,237.10000000000045,48.8,0.0
0,0.0,826.0,42.480000000000196,237.00000000000009,49.2,0.0
0,0.0,827.0,42.5100000000003,237.40000000000032,49.7,0.0
0,0.0,828.0,42.57000000000025,237.0000000000002,48.3,0.0
0,0.0,829.0,42.51000000000025,237.00000000000037,48.9,0.0
0,0.0,830.0,42.44000000000004,237.30000000000067,50.2,0.0
0,0.0,831.0,42.51000000000032,237.2000000000003,49.3,0.0
0,0.0,832.0,42.50000000000025,237.0000000000003,49.0,0.0
0,0.0,833.0,42.54000000000026,237.30000000000015,49.2,0.0
0,0.0,834.0,42.4500000000003,237.10000000000025,49.7,0.0
0,0.0,835.0,42.33000000000033,237.10000000000034,50.9,0.0
0,0.0,836.0,5.4999999999999964,58.5,,1.0
0,0.0,837.0,42.53000000000029,237.4000000000004,49.5,0.0
0,0.0,838.0,42.490000000000144,237.20000000000047,49.5,0.0
0,0.0,839.0,42.49000000000029,237.10000000000028,49.3,0.0
0,0.0,840.0,42.52000000000005,237.40000000000038,49.6,0.0
0,0.0,841.0,42.40000000000024,237.00000000000045,50.0,0.0
0,0.0,842.0,31.819999999999922,206.20000000000041,,1.0
0,0.0,843.0,42.5000000000001,237.10000000000016,49.2,0.0
0,0.0,844.0,42.540000000000205,237.2000000000003,49.0,0.0
0,0.0,845.0,18.53999999999999,131.4000000000001,,1.0
0,0.0,846.0,42.44000000000002,237.2000000000005,50.0,0.0
0,0.0,847.0,3.259999999999998,46.39999999999999,,1.0
0,0.0,848.0,26.289999999999978,175.20000000000024,,1.0
0,0.0,849.0,-1.3000000000000047,22.200000000000024,,1.0
0,0.0,850.0,24.559999999999995,165.7000000000004,,1.0
0,0.0,851.0,12.410000000000004,97.7000000000001,,1.0
0,0.0,852.0,13.690000000000005,105.00000000000018,,1.0
0,0.0,853.0,42.49000000000027,237.30000000000027,49.7,0.0
0,0.0,854.0,42.46000000000033,237.2000000000005,49.8,0.0
0,0.0,855.0,42.430000000000284,237.2000000000003,50.1,0.0
0,0.0,856.0,42.39000000000012,237.10000000000034,50.3,0.0
0,0.0,857.0,36.690000000000005,234.6000000000008,,1.0
0,0.0,858.0,33.6299999999999,218.40000000000103,,1.0
0,0.0,859.0,42.18000000000014,237.3000000000014,52.8,0.0
0,0.0,860.0,42.05000000000029,237.30000000000118,54.1,0.0
0,0.0,861.0,42.180000000000284,237.1000000000003,52.4,0.0
0,0.0,862.0,42.059999999999796,237.20000000000132,53.8,0.0
0,0.0,863.0,18.700000000000056,134.70000000000005,,1.0
0,0.0,864.0,41.810000000000024,237.10000000000093,56.1,0.0
0,0.0,865.0,42.24000000000024,237.10000000000042,51.8,0.0
0,0.0,866.0,42.03000000000037,237.30000000000044,54.3,0.0
0,0.0,867.0,42.110000000000085,237.30000000000143,53.5,0.0
0,0.0,868.0,42.22000000000037,237.0000000000006,51.8,0.0
0,0.0,869.0,42.14000000000036,237.00000000000074,52.6,0.0
0,0.0,870.0,42.20000000000035,237.10000000000048,52.2,0.0
0,0.0,871.0,42.310000000000215,237.4000000000003,51.7,0.0
0,0.0,872.0,42.27999999999995,237.30000000000112,51.8,0.0
0,0.0,873.0,42.12000000000035,237.30000000000132,53.4,0.0
0,0.0,874.0,42.25000000000027,237.40000000000003,52.3,0.0
0,0.0,875.0,42.259999999999984,237.30000000000092,52.0,0.0
0,0.0,876.0,42.28000000000027,237.30000000000004,51.8,0.0
0,0.0,877.0,42.070000000000306,237.10000000000016,53.5,0.0
0,0.0,878.0,42.250000000000334,237.00000000000105,51.5,0.0
0,0.0,879.0,42.24000000000031,237.00000000000009,51.6,0.0
0,0.0,880.0,42.33000000000029,237.00000000000006,50.7,0.0
0,0.0,881.0,42.47000000000029,237.00000000000017,49.3,0.0
0,0.0,882.0,42.520000000000145,237.30000000000055,49.4,0.0
0,0.0,883.0,42.60000000000027,237.30000000000024,48.6,0.0
0,0.0,884.0,42.55000000000029,237.10000000000025,48.7,0.0
0,0.0,885.0,42.63000000000025,237.40000000000026,48.5,0.0
0,0.0,886.0,42.600000000000264,237.4000000000002,48.8,0.0
0,0.0,887.0,42.500000000000256,237.30000000000038,49.6,0.0
0,0.0,888.0,42.5800000000003,237.30000000000044,48.8,0.0
0,0.0,889.0,42.60000000000029,237.20000000000016,48.4,0.0
0,0.0,890.0,42.580000000000254,237.20000000000022,48.6,0.0
0,0.0,891.0,10.11999999999999,84.50000000000004,,1.0
0,0.0,892.0,42.60000000000024,237.00000000000014,48.0,0.0
0,0.0,893.0,42.65000000000023,237.10000000000008,47.7,0.0
0,0.0,894.0,42.53000000000031,237.00000000000048,48.7,0.0
0,0.0,895.0,42.580000000000275,237.20000000000022,48.6,0.0
0,0.0,896.0,42.57000000000031,237.0000000000002,48.3,0.0
0,0.0,897.0,42.49000000000031,237.0000000000003,49.1,0.0
0,0.0,898.0,42.5700000000003,237.1000000000002,48.5,0.0
0,0.0,899.0,42.550000000000296,237.10000000000025,48.7,0.0
0,0.0,900.0,42.56000000000031,237.10000000000014,48.6,0.0
0,0.0,901.0,42.620000000000296,237.30000000000015,48.4,0.0
0,0.0,902.0,42.57000000000029,237.20000000000024,48.7,0.0
0,0.0,903.0,42.61000000000029,237.1000000000002,48.1,0.0
0,0.0,904.0,42.630000000000244,237.10000000000014,47.9,0.0
0,0.0,905.0,42.65000000000026,237.40000000000015,48.3,0.0
0,0.0,906.0,42.56000000000029,237.10000000000022,48.6,0.0
0,0.0,907.0,42.52000000000032,237.00000000000043,48.8,0.0
0,0.0,908.0,42.24000000000009,237.20000000000115,52.0,0.0
0,0.0,909.0,42.60000000000031,237.20000000000024,48.4,0.0
0,0.0,910.0,42.5400000000003,237.4000000000003,49.4,0.0
0,0.0,911.0,42.540000000000326,237.40000000000035,49.4,0.0
0,0.0,912.0,42.42000000000025,237.00000000000026,49.8,0.0
0,0.0,913.0,42.42000000000025,237.0000000000003,49.8,0.0
0,0.0,914.0,42.49000000000018,237.30000000000052,49.7,0.0
0,0.0,915.0,42.51000000000027,237.2000000000002,49.3,0.0
0,0.0,916.0,42.440000000000126,237.1000000000006,49.8,0.0
0,0.0,917.0,42.51000000000028,237.30000000000024,49.5,0.0
0,0.0,918.0,42.530000000000314,237.00000000000028,48.7,0.0
0,0.0,919.0,42.51000000000029,237.40000000000015,49.7,0.0
0,0.0,920.0,20.84,144.80000000000015,,1.0
0,0.0,921.0,9.45000000000002,81.79999999999998,,1.0
0,0.0,922.0,42.4800000000002,237.4000000000005,50.0,0.0
0,0.0,923.0,42.48000000000016,237.30000000000058,49.8,0.0
0,0.0,924.0,42.560000000000294,237.20000000000033,48.8,0.0
0,0.0,925.0,42.540000000000255,237.60000000000042,49.8,0.0
0,0.0,926.0,42.560000000000294,237.1000000000002,48.6,0.0
0,0.0,927.0,13.729999999999993,104.50000000000009,,1.0
0,0.0,928.0,42.54000000000027,237.1000000000003,48.8,0.0
0,0.0,929.0,42.520000000000266,237.1000000000003,49.0,0.0
0,0.0,930.0,23.499999999999993,159.6000000000003,,1.0
0,0.0,931.0,42.370000000000296,237.3000000000002,50.9,0.0
0,0.0,932.0,42.3500000000003,237.20000000000007,50.9,0.0
0,0.0,933.0,31.910000000000053,206.60000000000036,,1.0
0,0.0,934.0,42.380000000000166,237.10000000000068,50.4,0.0
0,0.0,935.0,34.360000000000134,220.20000000000033,,1.0
0,0.0,936.0,13.319999999999993,102.30000000000017,,1.0
0,0.0,937.0,42.450000000000216,237.2000000000006,49.9,0.0
0,0.0,938.0,16.96999999999999,122.30000000000004,,1.0
0,0.0,939.0,-3.0299999999999994,11.100000000000001,,1.0
0,0.0,940.0,6.119999999999997,62.299999999999976,,1.0
0,0.0,941.0,42.43000000000029,237.00000000000043,49.7,0.0
0,0.0,942.0,42.57000000000025,237.40000000000038,49.1,0.0
0,0.0,943.0,42.59000000000026,237.3000000000003,48.7,0.0
0,0.0,944.0,42.520000000000216,237.30000000000035,49.4,0.0
0,0.0,945.0,42.44000000000021,237.2000000000006,50.0,0.0
0,0.0,946.0,42.48000000000021,237.4000000000005,50.0,0.0
0,0.0,947.0,42.47000000000008,237.1000000000005,49.5,0.0
0,0.0,948.0,42.4900000000003,237.20000000000016,49.5,0.0
0,0.0,949.0,42.60000000000022,237.30000000000035,48.6,0.0
0,0.0,950.0,42.490000000000194,237.0000000000004,49.1,0.0
0,0.0,951.0,19.720000000000017,139.1000000000002,,1.0
0,0.0,952.0,42.52000000000033,237.40000000000012,49.6,0.0
0,0.0,953.0,42.45000000000024,237.3000000000003,50.1,0.0
0,0.0,954.0,42.41000000000029,237.10000000000028,50.1,0.0
0,0.0,955.0,42.42000000000007,237.2000000000006,50.2,0.0
0,0.0,956.0,42.380000000000145,237.30000000000078,50.8,0.0
0,0.0,957.0,42.45000000000019,237.20000000000056,49.9,0.0
0,0.0,958.0,42.38000000000029,237.1000000000002,50.4,0.0
0,0.0,959.0,42.56000000000031,237.2000000000001,48.8,0.0
0,0.0,960.0,42.5000000000003,237.40000000000052,49.8,0.0
0,0.0,961.0,42.310000000000336,237.20000000000067,51.3,0.0
0,0.0,962.0,42.41000000000025,237.30000000000027,50.5,0.0
0,0.0,963.0,42.39000000000027,237.20000000000024,50.5,0.0
0,0.0,964.0,42.12000000000016,237.4000000000013,53.6,0.0
0,0.0,965.0,42.10000000000026,237.30000000000047,53.6,0.0
0,0.0,966.0,42.23000000000035,237.10000000000042,51.9,0.0
0,0.0,967.0,20.889999999999993,145.20000000000005,,1.0
0,0.0,968.0,42.1200000000003,237.30000000000024,53.4,0.0
0,0.0,969.0,42.02000000000009,237.2000000000015,54.2,0.0
0,0.0,970.0,42.44000000000015,237.4000000000007,50.4,0.0
0,0.0,971.0,26.909999999999968,178.8000000000001,,1.0
0,0.0,972.0,42.13000000000035,237.0000000000008,52.7,0.0
0,0.0,973.0,42.16000000000031,237.10000000000073,52.6,0.0
0,0.0,974.0,41.9500000000001,237.5000000000018,55.5,0.0
0,0.0,975.0,42.02000000000015,237.40000000000057,54.6,0.0
0,0.0,976.0,42.16000000000016,237.30000000000067,53.0,0.0
0,0.0,977.0,42.08000000000028,237.0000000000008,53.2,0.0
0,0.0,978.0,42.33000000000018,237.10000000000088,50.9,0.0
0,0.0,979.0,42.08000000000029,237.30000000000075,53.8,0.0
0,0.0,980.0,33.780000000000186,219.10000000000048,,1.0
0,0.0,981.0,41.73000000000015,237.20000000000178,57.1,0.0
0,0.0,982.0,42.12000000000011,237.10000000000107,53.0,0.0
0,0.0,983.0,42.07000000000024,237.10000000000133,53.5,0.0
0,0.0,984.0,42.3100000000003,237.40000000000097,51.7,0.0
0,0.0,985.0,42.21000000000031,237.20000000000093,52.3,0.0
0,0.0,986.0,42.19000000000011,237.00000000000105,52.1,0.0
0,0.0,987.0,42.380000000000294,237.3000000000004,50.8,0.0
0,0.0,988.0,42.32000000000014,237.00000000000094,50.8,0.0
0,0.0,989.0,42.50000000000027,237.20000000000022,49.4,0.0
0,0.0,990.0,42.47000000000026,237.00000000000037,49.3,0.0
0,0.0,991.0,42.54000000000029,237.20000000000022,49.0,0.0
0,0.0,992.0,42.530000000000236,237.00000000000026,48.7,0.0
0,0.0,993.0,42.37000000000021,237.30000000000032,50.9,0.0
0,0.0,994.0,42.38000000000025,237.30000000000027,50.8,0.0
0,0.0,995.0,42.47000000000021,237.5000000000004,50.3,0.0
0,0.0,996.0,23.73999999999998,160.30000000000024,,1.0
0,0.0,997.0,19.609999999999996,138.0000000000002,,1.0
0,0.0,998.0,17.049999999999997,123.59999999999997,,1.0
0,0.0,999.0,42.410000000000345,237.30000000000055,50.5,0.0
