,x,y,yaw,curve,distance
0,0.7930112554615802,0.10551373707365513,0.12144569371116602,-4.9030168432621665e-17,0.0
1,0.8924892703563809,0.11764259222458473,0.12108704688737212,-0.0071579365629376515,0.1
2,0.9919698585434705,0.12969934617692747,0.12001097461111049,-0.01431980554885339,0.2
3,1.091455593315138,0.14161189773209643,0.11821708688734535,-0.021489378228304542,0.30000000000000004
4,1.190949047963672,0.15330814569150478,0.11570475181749358,-0.028670102535315392,0.4
5,1.2904527957813612,0.1647159888565656,0.11247312283441548,-0.03586493889424026,0.5
6,1.3899694100604951,0.17576332602869205,0.10852117701467051,-0.043076193250738005,0.6000000000000001
7,1.489501464093362,0.18637805600929724,0.10384776463416703,-0.050305346729908045,0.7000000000000001
8,1.589051531172251,0.19648807759979425,0.09845167015595882,-0.05755288165853514,0.8
9,1.688622184589451,0.20602128960159627,0.09233168484235006,-0.06481810409144279,0.9
10,1.788215997637251,0.21490559081611643,0.08548669116284195,-0.0720989634791621,1.0
11,1.8878355436079395,0.22306888004476777,0.07791575911975386,-0.07939187070923,1.1
12,1.9874833957938056,0.2304390560889635,0.06961825452943739,-0.08669151644758571,1.2000000000000002
13,2.0871621274871384,0.23694401775011667,0.06059395917376398,-0.09399069249664233,1.3
14,2.186874311980226,0.2425116638296405,0.05084320256917311,-0.1012801197634115,1.4000000000000001
15,2.286622522565358,0.24706989312894798,0.04036700488479235,-0.10854828737702546,1.5
16,2.3864093324512026,0.2505466073277303,0.029169184542994154,-0.11489708735698832,1.6
17,2.4862362176114012,0.25290747549118536,0.01833394108001044,-0.10211735158762049,1.7000000000000002
18,2.5861008098399436,0.2542504852959891,0.008774064831460841,-0.08932092455841079,1.8
19,2.6859998995358594,0.2547025856596706,0.0004900346638580075,-0.07652718828604638,1.9000000000000001
20,2.7859302770981755,0.25439072549975916,-0.006518737331046925,-0.06374896397611776,2.0
21,2.885888732925922,0.25344185373378403,-0.012253500915777019,-0.05099345312069065,2.1
22,2.985872057418127,0.25198291927927446,-0.016715825717136177,-0.03826319346631538,2.2
23,3.085877040973818,0.25014087105375965,-0.019907322499406452,-0.02555701371957005,2.3000000000000003
24,3.185900473992025,0.2480426579747688,-0.021829427373833723,-0.012870978112437528,2.4000000000000004
25,3.2859391468717756,0.24581522895983127,-0.022483248303489335,-0.00019931769587861256,2.5
26,3.3859898500120993,0.24358553292647614,-0.02186947321433,0.012464650530758466,2.6
27,3.4860493738120244,0.24148051879223276,-0.019988339162136357,0.025127612769666102,2.7
28,3.586114508670579,0.23962713547463027,-0.01683966225468517,0.03779535060179072,2.8000000000000003
29,3.686182044986792,0.23815233189119805,-0.012422928314782032,0.050471830944924696,2.9000000000000004
30,3.7862487731596923,0.23718305695946523,-0.006737444519566359,0.06315828991370409,3.0
31,3.886311483588308,0.23684625959696098,0.00021744760842009388,0.07585230944654257,3.1
32,3.986366966862385,0.23726887366034446,0.008435741717472267,0.0867588751711081,3.2
33,4.086412665995407,0.23852631109810224,0.016492091824628546,0.07427958439952258,3.3000000000000003
34,4.186448134951083,0.2405272821025354,0.023299610038224026,0.061794996982915414,3.4000000000000004
35,4.286473353852097,0.24314684308730888,0.028858268964552077,0.04931279836927239,3.5
36,4.386488302821146,0.24626005046608776,0.03316840430800757,0.03683633608650723,3.6
37,4.486492961980919,0.24974196065253704,0.03623045483450153,0.024365498670639505,3.7
38,4.586487311454105,0.25346763006032175,0.038044760936212764,0.011897593995518749,3.8000000000000003
39,4.686471331363398,0.2573121151031068,0.038611421646093,-0.0005717766020339179,3.9000000000000004
40,4.786445001831485,0.26115047219455734,0.037930209865318344,-0.013047848206445197,4.0
41,4.88640830298106,0.2648577577483383,0.03600054564993791,-0.025535823515777826,4.1000000000000005
42,4.986361214934812,0.26830902817811475,0.03282152758562994,-0.03804000141295378,4.2
43,5.086303717815432,0.27137933989755153,0.028392022493707588,-0.050562899027363405,4.3
44,5.186235791745613,0.27394374932031396,0.022710813889310986,-0.06310436471779182,4.4
45,5.286157416848043,0.2758773128600668,0.015776809685196697,-0.07566068203297835,4.5
46,5.386068573245415,0.2770550869304751,0.0075893095313276605,-0.08822366867272144,4.6000000000000005
47,5.485969241060419,0.277352127945204,-0.0018516681701899274,-0.10077977980253908,4.7
48,5.5858593999459405,0.27664353989055585,-0.012532614133110995,-0.11115896070139722,4.800000000000001
49,5.685738606469429,0.27484726854656416,-0.02333001178621022,-0.10501045426704533,4.9
50,5.785605215026795,0.2720029920453184,-0.03351343363855851,-0.09884458674003756,5.0
51,5.885457367933771,0.26817186383950226,-0.04308213933491766,-0.09267085067360942,5.1000000000000005
52,5.985293207506081,0.2634150373817994,-0.05203596381517034,-0.08649705681632754,5.2
53,6.085110876059458,0.25779366612489335,-0.06037520871522583,-0.0803294306976336,5.300000000000001
54,6.184908515909629,0.25136890352146785,-0.06810054053796032,-0.07417271733469354,5.4
55,6.284684269372323,0.24420190302420666,-0.0752128959420003,-0.0680302910365637,5.5
56,6.38443627876327,0.23635381808579317,-0.08171339434960294,-0.06190426781270457,5.6000000000000005
57,6.484162686398199,0.2278858021589113,-0.08760325795587369,-0.05579561839834896,5.7
58,6.58386163459284,0.21885900869624442,-0.09288373912835177,-0.04970428037799,5.800000000000001
59,6.68353126566292,0.20933459115047642,-0.09755605511646438,-0.04362926831355745,5.9
60,6.7831697219241684,0.19937370297429088,-0.10162132994215306,-0.037568781162496574,6.0
61,6.8827751456923165,0.18903749762037134,-0.10508054331366397,-0.03152030660244651,6.1000000000000005
62,6.982345679283091,0.17838712854140162,-0.10793448639167316,-0.025480722164915925,6.2
63,7.081879465012222,0.1674837491900652,-0.11018372423825479,-0.01944639332290146,6.300000000000001
64,7.181374650624623,0.15638849613721106,-0.11183160140822401,-0.013793397877520699,6.4
65,7.280831444711746,0.1451560978314426,-0.11302930742596844,-0.010138400578518218,6.5
66,7.380255210480435,0.13382525464510497,-0.1138607593076498,-0.006478575226650237,6.6000000000000005
67,7.479652103905412,0.12243220186961126,-0.11432567837136728,-0.0028146277954651743,6.7
68,7.579028280961406,0.11101317479637401,-0.11442383176902197,0.0008527728809327727,6.800000000000001
69,7.678389897623139,0.09960440871680624,-0.11415503070062508,0.004522973307924512,6.9
70,7.777743109865339,0.08824213892232063,-0.11351913009257046,0.008195313399371245,7.0
71,7.877094073662731,0.07696260070432985,-0.11251602974549738,0.011869104462038373,7.1000000000000005
72,7.9764489449900395,0.06580202935424691,-0.11114567695486964,0.015543607142891673,7.2
73,8.075813879821991,0.05479666016348442,-0.10940807060477847,0.01921800939041456,7.300000000000001
74,8.17519503413331,0.04398272842345534,-0.10730326673258732,0.022891404487537754,7.4
75,8.27459856389872,0.033396469425572374,-0.10483138555873132,0.026562769222931736,7.5
76,8.374030625092953,0.023074118461248197,-0.1019926199721215,0.030230942279227613,7.6000000000000005
77,8.473497373690726,0.013051910821895843,-0.09878724545703721,0.03389460293112196,7.7
78,8.573004965666772,0.0033660817989278682,-0.09521563144198784,0.03755225016314758,7.800000000000001
79,8.672559556995813,-0.005947133316242723,-0.09127825404465466,0.04120218233597385,7.9
80,8.772167293499118,-0.014851559157203447,-0.08698705735983941,0.04342564019235501,8.0
81,8.871830501182597,-0.02333356464583958,-0.0829039224355855,0.038219584746744105,8.1
82,8.971541966773394,-0.031435818873130905,-0.079340450753504,0.033022862068076704,8.200000000000001
83,9.071293012391141,-0.03920963494314574,-0.07629602085316885,0.027834558554175253,8.3
84,9.171074960155469,-0.04670632595995285,-0.07377008561129968,0.022653365002030593,8.4
85,9.270879132186014,-0.053977205027620836,-0.07176219657133649,0.017477640013039027,8.5
86,9.370696850602407,-0.06107358525021831,-0.0702720240773324,0.012305472288058186,8.6
87,9.47051943752428,-0.06804677973181403,-0.06929937326827572,0.007134741958649289,8.700000000000001
88,9.570338215071263,-0.07494810157647631,-0.06884419597929894,0.001963181167074143,8.8
89,9.670144505362993,-0.08182886388827393,-0.06890659858343715,-0.0032115658416910103,8.9
90,9.769929630519098,-0.08874037977127548,-0.06948684579247623,-0.00839188281675595,9.0
91,9.869684912659215,-0.09573396232954959,-0.0705853604187692,-0.013580121466147878,9.1
92,9.969401673902972,-0.10286092466716497,-0.07220271908246523,-0.01877854096130832,9.200000000000001
93,10.069071236370005,-0.11017257988819,-0.0743396438311572,-0.023989246659381548,9.3
94,10.168684922179944,-0.1177202410966934,-0.07699698962228106,-0.029214127742312673,9.4
95,10.268234053452423,-0.1255552213967438,-0.08017572760348687,-0.03445479350767437,9.5
96,10.367709968335188,-0.13372878833212473,-0.08386817876181096,-0.038621481254611637,9.600000000000001
97,10.467109981420965,-0.1422752212624808,-0.08764475101283482,-0.03708229874541261,9.700000000000001
98,10.566446309105443,-0.15118644082531357,-0.09126542390842543,-0.035519550608367347,9.8
99,10.665733451806112,-0.16044787527290486,-0.09472855696625304,-0.03393543564885904,9.9
100,10.764985909940467,-0.17004495285753643,-0.09803265665980339,-0.03233215778168185,10.0
101,10.864218183926,-0.17996310183149017,-0.10117637608031682,-0.030711920273890518,10.100000000000001
102,10.963444774180203,-0.1901877504470475,-0.1041585143375379,-0.029076920275044996,10.200000000000001
103,11.062680181120571,-0.20070432695649038,-0.10697801571622571,-0.02742934364592253,10.3
104,11.161938905164595,-0.21149825961210056,-0.10963396860541696,-0.02577136009313319,10.4
105,11.261235446729769,-0.22255497666615978,-0.11212560421731965,-0.024105118613657,10.5
106,11.360584306233587,-0.23385990637094997,-0.11445229511245808,-0.022432743250153764,10.600000000000001
107,11.45999998409354,-0.24539847697875256,-0.11661355354730299,-0.02075632915499984,10.700000000000001
108,11.559496980727122,-0.2571561167418494,-0.11860902966011988,-0.019077938958396774,10.8
109,11.659089796551827,-0.2691182539125224,-0.12043850951016544,-0.017399599433585888,10.9
110,11.758792931985147,-0.2812703167430532,-0.12210191298467502,-0.015723298450193185,11.0
111,11.858620887444573,-0.2935977334857238,-0.12359929158732391,-0.01405098220502292,11.100000000000001
112,11.958588060954861,-0.30608612389786766,-0.1249630081632944,-0.015789456593812236,11.200000000000001
113,12.058683239298674,-0.3187690084190008,-0.12738691720289289,-0.03224656086381261,11.3
114,12.15883601939819,-0.3317906102295271,-0.13147410479605795,-0.04869445347803694,11.4
115,12.258967662103041,-0.34531074345855167,-0.13722781124339634,-0.06521221041953427,11.5
116,12.358999428262862,-0.35948922223518004,-0.14465641617176317,-0.08187306977842705,11.600000000000001
117,12.458852578727289,-0.3744858606885169,-0.15377299319959628,-0.09874300384234906,11.700000000000001
118,12.558448374345948,-0.3904604729476677,-0.16459474796229212,-0.11587898268944329,11.8
119,12.65770807596848,-0.4075728731417378,-0.1771423205006022,-0.1333268558830203,11.9
120,12.756552944444516,-0.42598287539983226,-0.19143892941790835,-0.15111879354405006,12.0
121,12.854904240623693,-0.4458502938510567,-0.20750933273583547,-0.16927025112376506,12.100000000000001
122,12.952683225355637,-0.4673349426245156,-0.2253785795573395,-0.187776457541702,12.200000000000001
123,13.04981115948999,-0.4905966358493147,-0.2450705282075178,-0.2066084781895193,12.3
124,13.146209303876377,-0.5157951876545589,-0.2666061113751944,-0.2257089764470523,12.4
125,13.241798919364442,-0.5430904121693537,-0.2900013379728959,-0.24498789213430638,12.5
126,13.33650126680381,-0.5726421235228046,-0.3152650360511481,-0.26431837184749823,12.600000000000001
127,13.430237607044118,-0.6046101358440161,-0.3423963620646797,-0.2835334180509409,12.700000000000001
128,13.522929484542514,-0.639153670998272,-0.37128941089773715,-0.2936667584112955,12.8
129,13.614548931330026,-0.6763265165374067,-0.3992105710814531,-0.27096848562651066,12.9
130,13.705176223207646,-0.7159564121623913,-0.42486351066489275,-0.24763590372757044,13.0
131,13.794905623450802,-0.7578418872230116,-0.4482150575684014,-0.22395593463826088,13.100000000000001
132,13.883831395334916,-0.8017814710690515,-0.4692490214131146,-0.20015885612517983,13.200000000000001
133,13.972047802135418,-0.847573693050297,-0.4879625406173642,-0.17642034416217375,13.3
134,14.05964910712773,-0.8950170825165329,-0.50436267382684,-0.15286600875703896,13.4
135,14.146729573587278,-0.9439101688175447,-0.5184633392449716,-0.12957739974512772,13.5
136,14.233383464789489,-0.9940514813031187,-0.5302826577336193,-0.10659868146902073,13.600000000000001
137,14.319705044009787,-1.045239549323038,-0.5398407198374251,-0.08394340787186298,13.700000000000001
138,14.4057885745236,-1.0972729022270886,-0.5471577726168506,-0.06160103919511501,13.8
139,14.491728319606349,-1.1499500693650562,-0.5522528077420484,-0.03954301252154952,13.9
140,14.577618542533461,-1.2030695800867257,-0.555142525664287,-0.017728307146644404,14.0
141,14.663553506580364,-1.2564299637418832,-0.5558406497993903,0.0038914646692810393,14.100000000000001
142,14.749627475022482,-1.3098297496803122,-0.5543575676960767,0.02536735459125007,14.200000000000001
143,14.83593471113524,-1.3630674672517986,-0.5507002815730576,0.04674864616027385,14.3
144,14.922569027466407,-1.4159422955684808,-0.5449812268816963,0.05812399451413349,14.4
145,15.009544513279593,-1.4683683416554338,-0.540345330500929,0.03319948265073348,14.5
146,15.09670459381056,-1.5205057392881545,-0.5382352143607175,0.008356281131395535,14.600000000000001
147,15.183870679833202,-1.572546357966293,-0.538648808153134,-0.016523468623428555,14.700000000000001
148,15.270864182121429,-1.6246820671895041,-0.5415921500741023,-0.04156063272345353,14.8
149,15.35750651144914,-1.6771047364574398,-0.5470793677748462,-0.06687317810581764,14.9
150,15.44361907859024,-1.730006235269754,-0.5551322303966512,-0.09256991482053589,15.0
151,15.529023294318637,-1.7835784331261004,-0.5657792422123722,-0.11874351535167374,15.100000000000001
152,15.613540569408228,-1.8380131995261297,-0.5790542291559688,-0.14546247283673122,15.200000000000001
153,15.696992314632919,-1.893502403969496,-0.5949943535788773,-0.17276173602722494,15.3
154,15.779199940766615,-1.950237915955853,-0.6136374827298001,-0.20063189774492204,15.4
155,15.859984858583218,-2.0084116049848526,-0.6350188366056875,-0.22900704153925266,15.5
156,15.939168478856631,-2.0682153405561494,-0.6591668560732397,-0.25775169477485077,15.600000000000001
157,16.016572212360757,-2.129840992169394,-0.6860982686192414,-0.2866478126036012,15.700000000000001
158,16.0920174698695,-2.193480429324241,-0.7158123930702377,-0.3153833176008945,15.8
159,16.165325662156768,-2.2593255215203425,-0.7482848210085673,-0.3435443873386839,15.9
160,16.23631873493428,-2.3275675457090728,-0.7833479611770143,-0.35998391657496026,16.0
161,16.304912646598194,-2.398293641403824,-0.8176693660864274,-0.3365447754130594,16.1
162,16.371224302679217,-2.471368359858857,-0.8496953750923707,-0.31247120584398047,16.2
163,16.435396483524567,-2.546627590907727,-0.8793981759377318,-0.2881401464395406,16.3
164,16.497571969481474,-2.6239072243839834,-0.9067720593067057,-0.26385191255492346,16.400000000000002
165,16.557893540897165,-2.7030431501211742,-0.9318285694164716,-0.23983285096590068,16.5
166,16.616503978118867,-2.783871257952855,-0.9545919600789629,-0.21624157554137322,16.6
167,16.673546061493802,-2.86622743771257,-0.9750950997586284,-0.1931771505581376,16.7
168,16.7291625713692,-2.949947579233877,-0.9933758943555041,-0.17068795949373033,16.8
169,16.78349628809229,-3.034867572350323,-1.009474240808704,-0.14878037845007822,16.900000000000002
170,16.836689992010292,-3.120823306895456,-1.0234294870610006,-0.12742670780025508,17.0
171,16.88888646347043,-3.2076506727028327,-1.0352783515751336,-0.10657207938093334,17.1
172,16.940228482819936,-3.295185559605997,-1.04505324499062,-0.0861402475529558,17.2
173,16.99085883040604,-3.383263857438507,-1.0527809343678163,-0.06603830049174803,17.3
174,17.040920286575957,-3.471721456033909,-1.0584814940397789,-0.04616040753345966,17.400000000000002
175,17.09055563167692,-3.5603942452257513,-1.0621674943053125,-0.02639076395992533,17.5
176,17.139907189850746,-3.64911848703317,-1.063922760436921,-0.013854044035983813,17.6
177,17.189037620952416,-3.73779543590666,-1.0660266310517996,-0.027674939015067183,17.7
178,17.237839565725714,-3.8264650528094832,-1.0695321246044533,-0.04162103765679129,17.8
179,17.28618381135044,-3.915185127475007,-1.0744474551412497,-0.055704775900236,17.900000000000002
180,17.333941145006413,-4.004013449636596,-1.0807815376451122,-0.06993516280631969,18.0
181,17.38098235387344,-4.093007809027626,-1.088543706785495,-0.08431639266503244,18.1
182,17.42717822513133,-4.182225995381461,-1.0977433421923093,-0.09884636791092392,18.2
183,17.4723995459599,-4.271725798431474,-1.1083893956837723,-0.11351513766538668,18.3
184,17.516517103538952,-4.36156500791103,-1.120489816506459,-0.12830326980252565,18.400000000000002
185,17.559401685048304,-4.451801413553498,-1.134050872065446,-0.1431801914608193,18.5
186,17.60092407766777,-4.542492805092251,-1.1490763640338508,-0.15810255396323192,18.6
187,17.64095506857715,-4.633696972260651,-1.165566743327274,-0.17301270276227612,18.7
188,17.679365444956264,-4.725471704792076,-1.183518132368599,-0.18783736017412103,18.8
189,17.716025993984918,-4.817874792419891,-1.2029212694389555,-0.20248665620732012,18.900000000000002
190,17.750807502842925,-4.910964024877459,-1.223760397677181,-0.21685366742589512,19.0
191,17.783580758710094,-5.004797191898159,-1.2460121302403122,-0.23081464091758486,19.1
192,17.814216958194752,-5.0994318004962045,-1.269585356020167,-0.2393567040221192,19.200000000000003
193,17.842640631231752,-5.194888529882763,-1.293083369781786,-0.23250353190679365,19.3
194,17.86888199417325,-5.2911150805366685,-1.315936436571891,-0.22575968433557883,19.400000000000002
195,17.892983705120216,-5.388050561642982,-1.3381560992142751,-0.21915490260961845,19.5
196,17.91498842217363,-5.48563408238678,-1.359755722600249,-0.21271417780908775,19.6
197,17.934938803434473,-5.5838047519531315,-1.3807502006949377,-0.20645815604600407,19.700000000000003
198,17.952877507003716,-5.682501679527099,-1.4011556890927184,-0.20040356627510789,19.8
199,17.968847190982338,-5.781663974293762,-1.4209893638246878,-0.1945636544259472,19.900000000000002
200,17.98289051347131,-5.881230745438184,-1.440269206362691,-0.1889486112858952,20.0
201,17.995050132571617,-5.98114110214544,-1.45901381418172,-0.1835659848496901,20.1
202,18.00536870638423,-6.081334153600596,-1.4772422358152628,-0.17842107069241342,20.200000000000003
203,18.013888893010126,-6.181749008988721,-1.4949738290446764,-0.17351727630349706,20.3
204,18.02065335055028,-6.282324777494889,-1.5122281406817313,-0.1688564572565644,20.400000000000002
205,18.025704737105666,-6.383000568304165,-1.529024806312434,-0.16443922462213598,20.5
206,18.029085710777267,-6.483715490601625,-1.5453834683512182,-0.16026522420764489,20.6
207,18.030838929666057,-6.5844086535723365,-1.5613237107910911,-0.1563333890869072,20.700000000000003
208,18.031006779918336,-6.685019268160923,-1.5768982913088148,-0.15536034700841575,20.8
209,18.029596419889252,-6.785499726789883,-1.5928921149779622,-0.16295888133877706,20.900000000000002
210,18.026545304861106,-6.8858285032646505,-1.6096316152758345,-0.17057884959504593,21.0
211,18.021782699310428,-6.98598713621311,-1.627117985978959,-0.1781941698574361,21.1
212,18.01523786771375,-7.085957164263138,-1.6453505382224132,-0.1857743198134575,21.200000000000003
213,18.006840074547615,-7.185720126042608,-1.6643264050843534,-0.19328424057510765,21.3
214,17.996518584288555,-7.285257560179409,-1.6840402408774906,-0.2006843348145324,21.400000000000002
215,17.984202661413104,-7.384551005301409,-1.7044839207125848,-0.20793058105175985,21.5
216,17.96982157039781,-7.483582000036495,-1.7256462470701956,-0.21497478555198965,21.6
217,17.95330457571919,-7.582332083012543,-1.7475126712565783,-0.22176499140847636,21.700000000000003
218,17.934580941853795,-7.680782792857427,-1.7700650386520638,-0.22824606068880343,21.8
219,17.913579933278154,-7.778915668199033,-1.7932813674958665,-0.23436043977669777,21.900000000000002
220,17.890230814468804,-7.876712247665231,-1.8171356714907614,-0.2400491101571349,22.0
221,17.864462849902285,-7.97415406988391,-1.841597836652163,-0.24525271697700354,22.1
222,17.836205304055124,-8.071222673482943,-1.866633562472347,-0.24991285612565395,22.200000000000003
223,17.805387441403866,-8.167899597090207,-1.8922043765429666,-0.2539734879604849,22.3
224,17.771938712209852,-8.264165648433897,-1.9182758010079604,-0.2580093009171264,22.400000000000002
225,17.73580715512667,-8.35992850628274,-1.945002688254839,-0.2644836803455473,22.5
226,17.69697498620776,-8.454961391424495,-1.9725549911423896,-0.2725232982284117,22.6
227,17.655428092439656,-8.549023082756852,-2.0010602789155563,-0.28214471992835327,22.700000000000003
228,17.611152360808884,-8.641872359177505,-2.0306480178085624,-0.2933756573500961,22.8
229,17.56413367830199,-8.733267999584152,-2.0614498852793854,-0.30624964026650225,22.900000000000002
230,17.514357931905494,-8.822968782874478,-2.093599710039739,-0.3207997061663342,23.0
231,17.46181100860593,-8.910733487946185,-2.127232960230247,-0.33705066303348463,23.1
232,17.40647879538984,-8.996320893696964,-2.1624856798633827,-0.35500948059119886,23.200000000000003
233,17.34834717924375,-9.079489779024508,-2.1994927531863904,-0.3746534099742817,23.3
234,17.287402047154185,-9.159998922826516,-2.238385361307155,-0.395915557508023,23.400000000000002
235,17.223629286107688,-9.237607104000672,-2.2792874907279783,-0.41866789490567546,23.5
236,17.157014783090787,-9.312073101444676,-2.3223113672291955,-0.442702133001084,23.6
237,17.087544425090012,-9.38315569405623,-2.3675517311471594,-0.467709571171063,23.700000000000003
238,17.015204099091907,-9.45061366073301,-2.4150789533642687,-0.49326198028387985,23.8
239,16.93997969208299,-9.514205780372725,-2.4649311263274565,-0.5187967289838586,23.900000000000002
240,16.861876218444486,-9.573737012049282,-2.5152291404991027,-0.4948670353103508,24.0
241,16.78104345705434,-9.629361826627354,-2.5618460781268135,-0.454719101754107,24.1
242,16.69769742584034,-9.681394619051392,-2.6044543548837207,-0.41226733998959453,24.200000000000003
243,16.612054485344398,-9.730150611455425,-2.6429461300543013,-0.36880676896421855,24.3
244,16.52433099610844,-9.775945025973481,-2.677287900820811,-0.32532836785503133,24.400000000000002
245,16.43474331867439,-9.819093084739585,-2.707501043692536,-0.28252432887810636,24.5
246,16.34350781358416,-9.859910009887768,-2.733643761485988,-0.24082093281991532,24.6
247,16.25084084137968,-9.898711023552055,-2.7557954750132136,-0.2004241075924284,24.700000000000003
248,16.156958762602876,-9.935811347866473,-2.7740440416263517,-0.16136713468032332,24.8
249,16.062077937795657,-9.971526204965048,-2.788475750408792,-0.12355433836314458,24.900000000000002
250,15.966414727499954,-10.006170816981811,-2.799167808796455,-0.08679801363172115,25.0
251,15.870185492257683,-10.040060406050792,-2.80618294666625,-0.05084813687262121,25.1
252,15.77360659261077,-10.07351019430601,-2.809565770680958,-0.015415740682611687,25.200000000000003
253,15.676894389101138,-10.106835403881496,-2.8093405640718836,0.019808488128767277,25.3
254,15.580265242270702,-10.140351256911279,-2.805510318135368,0.05513854370134051,25.400000000000002
255,15.48393551266139,-10.174372975529385,-2.7980568853648307,0.0908784424657762,25.5
256,15.388094677324466,-10.209165620350342,-2.788968807146639,0.0786249415583834,25.6
257,15.292745452523633,-10.244645777714686,-2.7821441211185842,0.05548959164518781,25.700000000000003
258,15.1978112965235,-10.28058214759956,-2.777695642563977,0.03210696475344355,25.8
259,15.103215379747647,-10.316742892903717,-2.7756386237655293,0.008461742063753183,25.900000000000002
260,15.008880872619674,-10.352896176525892,-2.775989610062798,-0.015470273793258875,26.0
261,14.914730945563164,-10.388810161364832,-2.7787668285914404,-0.03971627994064125,26.1
262,14.82068876900171,-10.424253010319278,-2.7839901649189702,-0.06430020635549577,26.200000000000003
263,14.72667751335891,-10.45899288628797,-2.791680705021031,-0.08923597676219643,26.3
264,14.632620349058342,-10.492797952169655,-2.8018598160355346,-0.11452022908701376,26.400000000000002
265,14.538440446523609,-10.525436370863071,-2.8145477372112753,-0.14012448420872628,26.5
266,14.444060976178292,-10.556676305266963,-2.829761654768215,-0.16598685753262282,26.6
267,14.349405108445985,-10.586285918280073,-2.8475132436817154,-0.19200356957361922,26.700000000000003
268,14.254396013750284,-10.61403337280114,-2.867805678591343,-0.21802073195179292,26.8
269,14.158956862514772,-10.639686831728913,-2.8906301479213554,-0.24382715661762527,26.900000000000002
270,14.06301082516305,-10.663014457962126,-2.91596195198366,-0.26914923385761763,27.0
271,13.966481072118695,-10.683784414399529,-2.943756327754485,-0.2936491985853568,27.1
272,13.869305021982381,-10.701818346437413,-2.971968956050427,-0.26988104178775124,27.200000000000003
273,13.771511075817704,-10.717279414693655,-2.9970778356799186,-0.23732571235216246,27.3
274,13.673163414350107,-10.730465083681114,-3.0190170537956003,-0.20492341340018874,27.400000000000002
275,13.574326303882176,-10.74167313913822,-3.0378031333408586,-0.17287659048382403,27.5
276,13.475064010716483,-10.7512013668034,-3.0534628584589116,-0.14129361385328923,27.6
277,13.37544080115562,-10.759347552415086,-3.066027684918875,-0.11020621815138362,27.700000000000003
278,13.275520941502165,-10.7664094817117,-3.07552923764622,-0.07958645276556929,27.8
279,13.175368698058694,-10.772684940431677,-3.081995845315927,-0.04936228488252242,27.900000000000002
280,13.075048337127797,-10.778471714313445,-3.0854500324485117,-0.019431595402412176,28.0
281,12.974624125012044,-10.784067589095427,-3.085906886304836,0.010325286976718279,28.1
282,12.874160328014021,-10.78977035051606,-3.0833732302142827,0.04003412051691107,28.200000000000003
283,12.77372121243632,-10.795877784313765,-3.0778475596178936,0.06981583301444595,28.3
284,12.673371044581504,-10.802687676226975,-3.0693207264340874,0.09977559448871046,28.400000000000002
285,12.573174090752167,-10.810497811994118,-3.057777386710766,0.1299913633992522,28.5
286,12.473194617250881,-10.819605977353621,-3.043198251531303,0.1605015108952291,28.6
287,12.373496890380233,-10.830309958043916,-3.025563196974211,0.19129134483599605,28.700000000000003
288,12.274134048484077,-10.842852705416288,-3.0067722445100618,0.17833576577952806,28.8
289,12.175093838728863,-10.857154947741977,-2.989906585846275,0.15870046968198692,28.900000000000002
290,12.07634020000181,-10.873020095064032,-2.9750241607057366,0.13885854601565858,29.0
291,11.977837036903052,-10.890251388471755,-2.9621356991005654,0.1188973137657767,29.1
292,11.879548254032732,-10.908652069054458,-2.951246928802666,0.09887980257867485,29.200000000000003
293,11.781437755991004,-10.928025377901447,-2.9423601004310256,0.0788478207684259,29.3
294,11.683469447377995,-10.948174556102028,-2.9354752907641064,0.0588253675264765,29.400000000000002
295,11.585607232793858,-10.96890284474551,-2.930591470973417,0.038822211173154784,29.5
296,11.487815016838733,-10.990013484921198,-2.927707334204055,0.018837520360078443,29.6
297,11.39005670411276,-11.011309717718403,-2.926821881473946,-0.0011365112963048843,29.700000000000003
298,11.292296199216084,-11.032594784226431,-2.927934766904451,-0.021111066446512415,29.8
299,11.194497406748848,-11.05367192553459,-2.931046403559112,-0.04109712398810834,29.900000000000002
300,11.096624231311194,-11.074344382732185,-2.9361578303877787,-0.06110187794648745,30.0
301,10.998640577503263,-11.094415396908529,-2.943270339674792,-0.0811251361760526,30.1
302,10.900510349925202,-11.113688209152922,-2.952384863692522,-0.1011556940786023,30.200000000000003
303,10.802197453177152,-11.131966060554676,-2.96350111969082,-0.12116770651688148,30.3
304,10.703671478495982,-11.14907730843703,-2.9757336151727904,-0.12091877779364932,30.400000000000002
305,10.604935377186685,-11.164997651920151,-2.9876678550000295,-0.11773750150183025,30.5
306,10.506004227417584,-11.179756350981185,-2.9992856949101787,-0.11455857931364408,30.6
307,10.406893124620726,-11.193382741846118,-3.010587842304808,-0.11138664309211242,30.700000000000003
308,10.307617164228162,-11.20590616074094,-3.02157529543403,-0.10822579273848308,30.8
309,10.208191441671923,-11.217355943891636,-3.032249308669504,-0.1050796139317213,30.900000000000002
310,10.10863105238407,-11.227761427524195,-3.042611359032825,-0.1019511979156825,31.0
311,10.008951091796634,-11.237151947864604,-3.052663114070845,-0.09884316276533126,31.1
312,9.909166655341664,-11.24555684113885,-3.062406401140752,-0.09575767562185189,31.200000000000003
313,9.80929283845121,-11.253005443572915,-3.0718431781421947,-0.09269647544489647,31.3
314,9.709344736557307,-11.259527091392798,-3.0809755057111357,-0.08966089588712574,31.400000000000002
315,9.609337445092008,-11.265151120824473,-3.0898055208704878,-0.08665188795050824,31.5
316,9.50928605948735,-11.269906868093939,-3.098335412115708,-0.08367004213474093,31.6
317,9.40920567517538,-11.273823669427175,-3.106567395899194,-0.08071560983510499,31.700000000000003
318,9.30911138758815,-11.276930861050168,-3.1145036944654145,-0.0777885237897198,31.8
319,9.209018292157694,-11.279257779188914,-3.122146514978888,-0.07488841741436668,31.900000000000002
320,9.108939656111739,-11.280839100533857,-3.1293156457453453,-0.06783481673831517,32.0
321,9.00887803976837,-11.281740778296227,-3.135719650598465,-0.060157113461607695,32.1
322,8.908832117486467,-11.282040117168462,-3.141353315960218,-0.05246105147726344,32.2
323,8.808800558156735,-11.281814437816411,3.136969684935735,-0.04475212596706013,32.300000000000004
324,8.708782030669875,-11.281141060905929,3.1328794380370115,-0.03703443973178852,32.4
325,8.608775203916572,-11.280097307102867,3.1295617180072495,-0.029310901549801312,32.5
326,8.508778746787529,-11.278760497073076,3.127016832488426,-0.021583428737249156,32.6
327,8.408791328173445,-11.27720795148241,3.1252449886074087,-0.013853152258878579,32.7
328,8.308811616965018,-11.275516990996723,3.124246338545129,-0.006120623288138068,32.800000000000004
329,8.208838282052952,-11.27376493628186,3.1240210112904188,0.0016139794447501798,32.9
330,8.10886999232793,-11.27202910800368,3.1245691305470595,0.009350641852165834,33.0
331,8.008905416680655,-11.270386826828036,3.125890818774361,0.017089306361424497,33.1
332,7.908943224001828,-11.268915413420777,3.127986187345301,0.02482966349272682,33.2
333,7.808982083182144,-11.267692188447752,3.1308553128081305,0.032570943200044264,33.300000000000004
334,7.70902066311231,-11.266794472574821,3.134498199243675,0.04031170617489582,33.4
335,7.609057632683006,-11.26629958646783,3.138914726727674,0.0480496355736712,33.5
336,7.509091862529171,-11.266273039498827,-3.1394859734437777,0.046512310444332204,33.6
337,7.409123402814847,-11.266711284468283,-3.134979511506966,0.04364427184002175,33.7
338,7.309152731124379,-11.267585750478402,-3.13075958968818,0.040775623362266075,33.800000000000004
339,7.209180325636597,-11.26886783182714,-3.1268262185640965,0.03790709670972166,33.9
340,7.10920666453031,-11.270528922812447,-3.123179365035751,0.035039272703941436,34.0
341,7.009232225984349,-11.272540417732278,-3.1198189620235492,0.03217259189925176,34.1
342,6.909257488177538,-11.274873710884586,-3.1167449174530324,0.029307365288397114,34.2
343,6.809282929288699,-11.277500196567324,-3.1139571225276477,0.026443785055140133,34.300000000000004
344,6.709309027496662,-11.280391269078443,-3.1114554592871277,0.023581935335122973,34.4
345,6.609336260980237,-11.283518322715901,-3.1092398074518686,0.02072180295559682,34.5
346,6.509365107918255,-11.28685275177765,-3.1073100505550517,0.01786328813307964,34.6
347,6.409396046489539,-11.290365950561636,-3.1056660813651638,0.015006215115584861,34.7
348,6.309429554872911,-11.294029313365824,-3.1043078066020895,0.012150342762796312,34.800000000000004
349,6.2094661112472025,-11.297814234488158,-3.1032351509501623,0.009295375063432287,34.9
350,6.109506193791223,-11.301692108226597,-3.1024480603714437,0.006440971594068782,35.0
351,6.0095502806838015,-11.305634328879089,-3.1019465047221746,0.0035867579278952033,35.1
352,5.909599101645373,-11.309622968402355,-3.101409387959045,0.007168623988694078,35.2
353,5.809654400193369,-11.313683133296932,-3.100512345177191,0.010767530110124377,35.300000000000004
354,5.709718175216571,-11.317850770289683,-3.099255320267354,0.014367347471983354,35.4
355,5.609792425603735,-11.322161826107637,-3.097638253153237,0.017968133212650953,35.5
356,5.509879150243644,-11.326652247477826,-3.095661082629316,0.0215698607013644,35.6
357,5.409980348025072,-11.331357981127287,-3.0933237526489648,0.025172398452519756,35.7
358,5.310098017836794,-11.336314973783045,-3.0906262200177537,0.02877548901856631,35.800000000000004
359,5.210234158567589,-11.341559172172136,-3.0875684634924023,0.03237872788827609,35.9
360,5.110390769106219,-11.34712652302159,-3.084150494284007,0.035981542432645126,36.0
361,5.010569848341465,-11.35305297305844,-3.0803723679614774,0.03958317095872352,36.1
362,4.910773395162101,-11.35937446900972,-3.0762341977473335,0.04318264195223966,36.2
363,4.8110034084569,-11.366126957602457,-3.071736169193117,0.046778753612851755,36.300000000000004
364,4.711261887114643,-11.373346385563684,-3.066878556215467,0.05037005381110531,36.4
365,4.611550830024093,-11.381068699620437,-3.061661738466291,0.05395482062345879,36.5
366,4.511872236074028,-11.389329846499743,-3.0560862200013443,0.057531043630751795,36.6
367,4.4122281041532245,-11.398165772928639,-3.0501526492008044,0.06109640619584886,36.7
368,4.312619122098075,-11.407587281105528,-3.0446174297743047,0.04952189194047534,36.800000000000004
369,4.21304070242508,-11.41750399845189,-3.0402416661896012,0.037934266584789586,36.9
370,4.113486930997069,-11.427800108645537,-3.0370242647101864,0.026361675487254238,37.0
371,4.013951893676881,-11.438359795364077,-3.0349643262816572,0.014800071346236522,37.1
372,3.9144296763273485,-11.449067242285128,-3.034061278341919,0.003243827484942537,37.2
373,3.814914364811304,-11.459806633086298,-3.034314957170731,-0.008313569126251795,37.300000000000004
374,3.7154000449915876,-11.470462151445204,-3.035725644063557,-0.01987882939162291,37.4
375,3.6158808027310183,-11.48091798103946,-3.038294055463363,-0.03145817390619803,37.5
376,3.516350723892434,-11.491058305546675,-3.042021286946438,-0.04305664056675209,37.6
377,3.4168038943386683,-11.500767308644464,-3.046908710730474,-0.05467738408383972,37.7
378,3.3172343999325533,-11.509929174010441,-3.0529578262010086,-0.06632096497814706,37.800000000000004
379,3.2176363265369288,-11.518428085322217,-3.060170062883389,-0.07798462802534156,37.9
380,3.118003760014613,-11.526148226257408,-3.068546535370565,-0.08966157343563091,38.0
381,3.0183307862284456,-11.532973780493627,-3.078087750002728,-0.10134022834417629,38.1
382,2.918611491041259,-11.538788931708485,-3.088793263634206,-0.11300353143960419,38.2
383,2.818839960315886,-11.543477863579598,-3.10066129566546,-0.12462824970004875,38.300000000000004
384,2.719012305310938,-11.546963526937244,-3.1125211732619977,-0.11279432421900387,38.400000000000006
385,2.6191327735718803,-11.549324605470185,-3.123196478000853,-0.1009077586596218,38.5
386,2.51920765542893,-11.550678882854479,-3.1326866828402817,-0.08902261286551826,38.6
387,2.4192432412123335,-11.551144142766294,-3.1409924214031872,-0.07715314495677247,38.7
388,2.3192458212523293,-11.5508381688818,3.1350702218687507,-0.06530797053771425,38.800000000000004
389,2.219221685879155,-11.549878744877166,3.1291288326020794,-0.0534908363124329,38.900000000000006
390,2.1191771254230565,-11.548383654428557,3.1243668079690696,-0.04170139537349171,39.0
391,2.019118430214258,-11.546470681212142,3.1207823753920536,-0.029935973297284584,39.1
392,1.9190518905830043,-11.544257608904095,3.118374096824926,-0.018188319685462057,39.2
393,1.8189837968595342,-11.541862221180576,3.1171410163552697,-0.0064503442084042715,39.300000000000004
394,1.7189204393740862,-11.53940230171776,3.1170827590846573,0.005287160432197991,39.400000000000006
395,1.6188681084569057,-11.536995634191815,3.118199581869037,0.017033803842496816,39.5
396,1.5188330944382162,-11.534760002278906,3.120492376203727,0.028798885379419933,39.6
397,1.4188216876482638,-11.532813189655203,3.123962623188389,0.04059067698547597,39.7
398,1.3188401784172865,-11.531272979996876,3.128612300154807,0.052415695082748376,39.800000000000004
399,1.218894857075523,-11.530257156980092,3.1344437382328185,0.06427795648410525,39.900000000000006
400,1.1189894592694314,-11.529856388284305,3.1406443260249346,0.05982886855689396,40.0
401,1.0191174749581267,-11.530052591525575,-3.136790132055068,0.055329499991817,40.1
402,0.919269825923109,-11.530800425096452,-3.131491335077014,0.05080047895208397,40.2
403,0.8194374339458699,-11.532054547389471,-3.126646498005489,0.04624765002964723,40.300000000000004
404,0.7196112208079004,-11.533769616797168,-3.1222571535946426,0.04167642846820456,40.400000000000006
405,0.6197821082906991,-11.53590029171207,-3.1183244877481657,0.037091825417182527,40.5
406,0.5199410181757432,-11.538401230526713,-3.114849365676785,0.03249847690406297,40.6
407,0.4200788722445308,-11.541227091633633,-3.111832355850523,0.02790067587425846,40.7
408,0.32018659227855356,-11.544332533425358,-3.1092737515972475,0.023302406695666168,40.800000000000004
409,0.22025510005930266,-11.547672214294426,-3.10717359023013,0.018707381574082034,40.900000000000006
410,0.12027531736827665,-11.551200792633365,-3.105531669615029,0.014119078373709605,41.0
411,0.020238165986952404,-11.554872926834712,-3.1043475621146164,0.009540779382373894,41.1
412,-0.07986543230317177,-11.558643275290999,-3.103620625869576,0.0049756106024159315,41.2
413,-0.1800445557206041,-11.562466496394757,-3.103350013398601,0.00042658118458428735,41.300000000000004
414,-0.2803082824838535,-11.56629724853852,-3.1035346775186112,-0.0041033773470836865,41.400000000000006
415,-0.380665679453908,-11.57009017554599,-3.1041768338117075,-0.009175812967991973,41.5
416,-0.481117023002296,-11.573788645254446,-3.105557313756675,-0.018286851770472155,41.6
417,-0.5816380908970499,-11.577304599956449,-3.107854548962143,-0.02739218615388861,41.7
418,-0.6822004266608463,-11.580544550473057,-3.1110693832033696,-0.0365167530748596,41.800000000000004
419,-0.7827755738163624,-11.583415007625323,-3.115204300530119,-0.04568447631583164,41.900000000000006
420,-0.8833350758862675,-11.585822482234297,-3.120263349667936,-0.05491805326478034,42.0
421,-0.9838504763932526,-11.587673485121032,-3.1262520509449923,-0.0642387114422737,42.1
422,-1.0842933188599877,-11.58887452710658,-3.13317728386361,-0.07366592660855192,42.2
423,-1.1846351468091492,-11.589332119011996,-3.1410471529997324,-0.08321709477295902,42.300000000000004
424,-1.2848475037634137,-11.58895277165833,3.1333144776619397,-0.09290715112616088,42.400000000000006
425,-1.3849019332454513,-11.587642995866634,3.123526941933202,-0.10274812994341383,42.5
426,-1.484769978777953,-11.585309302457963,3.112764831179772,-0.11274866100795744,42.6
427,-1.5844231838835876,-11.581858202253368,3.101017016516479,-0.12291340024099309,42.7
428,-1.683833092085033,-11.577196206073902,3.0882722446290045,-0.13324239517717132,42.800000000000004
429,-1.7829712469049652,-11.571229824740618,3.07451946747099,-0.14373038987464176,42.900000000000006
430,-1.8818091918660544,-11.563865569074567,3.0597482159347424,-0.15436607896550764,43.0
431,-1.9803185238222323,-11.55501006155228,3.043972758560055,-0.161898314305791,43.1
432,-2.0784951775408085,-11.544620879049488,3.028539784238134,-0.15064918756143722,43.2
433,-2.176397874633442,-11.532787050381893,3.014259142375157,-0.13889443777942453,43.300000000000004
434,-2.2740953250543106,-11.519618516182236,3.0011631284373332,-0.1267350501813995,43.400000000000006
435,-2.371656238757586,-11.505225217083257,2.9892775061058066,-0.11426774961087507,43.5
436,-2.4691493256974604,-11.489717093717701,2.978621870303348,-0.10158378087113691,43.6
437,-2.5666432958281056,-11.473204086718304,2.969210051881079,-0.08876810811288854,43.7
438,-2.664206859103699,-11.455796136717808,2.961050542649026,-0.07589899093417049,43.800000000000004
439,-2.7619087254784196,-11.437603184348957,2.9541469223392163,-0.06304788253579185,43.900000000000006
440,-2.8598176049064388,-11.418735170244485,2.948498272327367,-0.050279589148560455,44.0
441,-2.9580022073419485,-11.39930203503714,2.944099564262845,-0.03765262883948271,44.1
442,-3.05653124273912,-11.37941371935966,2.9409420149798233,-0.02521973042406099,44.2
443,-3.155473421052132,-11.359180163844783,2.9390134020567285,-0.013028418336023511,44.300000000000004
444,-3.254897452235162,-11.338711309125257,2.9382983370782476,-0.0011216358851256505,44.400000000000006
445,-3.3548720462423827,-11.318117095833816,2.938778495997186,0.010461633452657654,44.5
446,-3.4554659130279854,-11.297507464603203,2.9404328079849162,0.021685779803359142,44.6
447,-3.5567475523134475,-11.27699210854326,2.943182554552688,0.02541165598564008,44.7
448,-3.658690445865827,-11.256568848918382,2.943929445630384,-0.01084469248003975,44.800000000000004
449,-3.761023332429538,-11.235947352467127,2.940934678122596,-0.04647175953670239,44.900000000000006
450,-3.8634360824782563,-11.214791523364514,2.934210521961708,-0.08219930912567827,45.0
451,-3.96561856648568,-11.192765265785575,2.923719716060165,-0.1187221839750447,45.1
452,-4.067260654925487,-11.169532483905327,2.909377697641732,-0.15670671089594365,45.2
453,-4.16805221827136,-11.1447570818988,2.891055121747038,-0.19678939111229005,45.300000000000004
454,-4.267683126996984,-11.118102963941018,2.868581228026423,-0.2395642240737861,45.400000000000006
455,-4.3658432515760355,-11.08923403420701,2.8417488563270656,-0.28555388505854856,45.5
456,-4.462222462482214,-11.057814196871794,2.8103222000254737,-0.33515882807846203,45.6
457,-4.5565106301891936,-11.023507356110398,2.774048694520822,-0.3885778829266458,45.7
458,-4.648397625170661,-10.985977416097851,2.732676698338583,-0.4456953169829257,45.800000000000004
459,-4.737573317900298,-10.944888281009174,2.6859806898279968,-0.5059346784959143,45.900000000000006
460,-4.823727578851784,-10.899903855019394,2.633795323666333,-0.5680916534723314,46.0
461,-4.906550278498814,-10.850688042303533,2.5760585195151218,-0.6301786347399249,46.1
462,-4.985731287315069,-10.796904747036619,2.5128614365165105,-0.6893410355718572,46.2
463,-5.060960991749718,-10.73821851798464,2.4446470029980403,-0.7243921701712392,46.300000000000004
464,-5.132081395127819,-10.674483313818,2.3780412463822387,-0.6691233266951752,46.400000000000006
465,-5.199296333606431,-10.606005118891753,2.3166927614100064,-0.6089291807750207,46.5
466,-5.262862473616502,-10.533155916659435,2.2608025318799574,-0.5471248680716786,46.6
467,-5.323036481588963,-10.456307690574596,2.210389388513888,-0.4861867034978784,46.7
468,-5.38007502395475,-10.375832424090776,2.165340962928868,-0.42775513115810737,46.800000000000004
469,-5.434234767144802,-10.292102100661523,2.1254606872306674,-0.37275512128100474,46.900000000000006
470,-5.485772377590052,-10.205488703740382,2.090506789520032,-0.321559621657467,47.0
471,-5.534944521721446,-10.116364216780891,2.06022225539419,-0.2741485021758967,47.1
472,-5.582007865969915,-10.025100623236595,2.0343565099184255,-0.23024006020409135,47.2
473,-5.6272190767664005,-9.93206990656104,2.0126803664010837,-0.18938870420044293,47.300000000000004
474,-5.6708348205418355,-9.83764405020777,1.9949959507195096,-0.15105118888508973,47.400000000000006
475,-5.713111763727157,-9.742195037630337,1.9811431493980312,-0.11462716005240053,47.5
476,-5.754306572753306,-9.646094852282266,1.9710038478402172,-0.07948017632990154,47.6
477,-5.794675914051219,-9.549715477617113,1.964504931930443,-0.044944479899564765,47.7
478,-5.834476454051833,-9.453428897088422,1.9616207690188634,-0.010321549958349246,47.800000000000004
479,-5.873964574049019,-9.357606672167005,1.962305862716687,0.017471479672825717,47.900000000000006
480,-5.913313537952404,-9.262497356462537,1.9637188846859683,0.009927347243268967,48.0
481,-5.9524985574340405,-9.168056400254198,1.9643366409010308,0.002103963433267894,48.1
482,-5.991465977039562,-9.074196532511918,1.9641427251197117,-0.00596624595592051,48.2
483,-6.030162141314605,-8.980830482205635,1.9631232303669013,-0.014247595613562506,48.300000000000004
484,-6.068533394804808,-8.887870978305278,1.9612669098264437,-0.0227011827997004,48.400000000000006
485,-6.106526082055802,-8.795230749780785,1.958565336525108,-0.03128496281063002,48.5
486,-6.14408654761323,-8.702822525602071,1.955013060485943,-0.03995386775792138,48.6
487,-6.181161136022727,-8.610559034739072,1.9506077614349038,-0.04865997953576636,48.7
488,-6.217696191829927,-8.518353006161723,1.9453503945032065,-0.05735276822783992,48.800000000000004
489,-6.253638059580468,-8.426117168839953,1.9392453257073974,-0.06597940684987055,48.900000000000006
490,-6.288933083819985,-8.333764251743697,1.9323004533453543,-0.07448517209048043,49.0
491,-6.323527609094117,-8.241206983842874,1.924527310861514,-0.08281393848419666,49.1
492,-6.3573679799485,-8.148358094107422,1.9159411462556146,-0.0909087701616897,49.2
493,-6.390400540928771,-8.055130311507272,1.9065609727860557,-0.09871260998091246,49.300000000000004
494,-6.422571636580564,-7.961436365012351,1.8964095856015257,-0.10616906054967126,49.400000000000006
495,-6.453827589230763,-7.8671892041829175,1.885519978858901,-0.11264383224445206,49.5
496,-6.484111059975301,-7.772338127699844,1.8740887642971173,-0.1169928794550825,49.6
497,-6.513357004638278,-7.676908933065928,1.8621883809700468,-0.1214898784832996,49.7
498,-6.541499404705961,-7.580937091121752,1.8498063287410407,-0.1261426947211994,49.800000000000004
499,-6.56847224166461,-7.4844580727078975,1.8369295619795047,-0.13095847623724594,49.900000000000006
500,-6.594209497000489,-7.387507348664954,1.8235445474159955,-0.13594354577731058,50.0
501,-6.618645152199865,-7.290120389833486,1.8096373305114972,-0.14110326690080835,50.1
502,-6.641713188748999,-7.192332667054086,1.79519361189093,-0.14644188298714475,50.2
503,-6.663347588134155,-7.094179651167333,1.7801988354568463,-0.15196232796129977,50.300000000000004
504,-6.683482331841596,-6.99569681301381,1.7646382898511324,-0.1576660078628802,50.400000000000006
505,-6.702051401357584,-6.896919623434104,1.7484972249609225,-0.1635525528556187,50.5
506,-6.718988778168385,-6.797883553268784,1.7317609851588722,-0.16961953998384025,50.6
507,-6.734228443760263,-6.698624073358437,1.7144151609143297,-0.1758621879713512,50.7
508,-6.747704379619479,-6.599176654543647,1.6964457602956,-0.182273026668909,50.800000000000004
509,-6.759350567232297,-6.499576767664992,1.677839401687634,-0.18884154542664167,50.900000000000006
510,-6.769100988084982,-6.399859883563064,1.658583528755441,-0.1955538267246828,51.0
511,-6.776890014447405,-6.30006142066715,1.638718948312049,-0.1976672865866988,51.1
512,-6.782716013041259,-6.200208214571868,1.6196767651448665,-0.1830365040453864,51.2
513,-6.78671182615919,-6.100309065220887,1.6021177547431678,-0.1681822505007788,51.300000000000004
514,-6.7890272703549615,-6.000370495996814,1.5860538264513964,-0.15318643116762604,51.400000000000006
515,-6.789812162182331,-5.900399030282262,1.571491970829262,-0.13811470475661947,51.5
516,-6.789216318195062,-5.8004011914598275,1.5584353200825714,-0.1230174077681503,51.6
517,-6.787389554946915,-5.700383502912123,1.5468841293462439,-0.10793081168508972,51.7
518,-6.784481688991651,-5.6003524880217554,1.5368366645423988,-0.09287858785701655,51.800000000000004
519,-6.780642536883031,-5.500314670171335,1.5282899885084675,-0.07787338161522472,51.900000000000006
520,-6.776021915174817,-5.400276572743472,1.5212406416252513,-0.06291842349252075,52.0
521,-6.770769640420768,-5.300244719120762,1.5156852163643633,-0.04800912941982471,52.1
522,-6.765035529174646,-5.200225632685821,1.5116208271764386,-0.03313466240929891,52.2
523,-6.758969397990212,-5.100225836821253,1.509045478144717,-0.018279445136225727,52.300000000000004
524,-6.7527210634212285,-5.000251854909668,1.5079583310289375,-0.0034246260353966293,52.400000000000006
525,-6.746440342021456,-4.900310210333679,1.508359875910455,0.011450488719772701,52.5
526,-6.7402770503446545,-4.800407426475879,1.5102520057965,0.026367018378554943,52.6
527,-6.734380600946746,-4.70054999801905,1.5135837149174003,0.03645427240557986,52.7
528,-6.728834657101967,-4.600739748844968,1.5168759147054311,0.029405804091231492,52.800000000000004
529,-6.723584928664784,-4.5009687026831715,1.5194602228637604,0.022321639602397515,52.900000000000006
530,-6.718559743258994,-4.4012276484369295,1.5213345678848866,0.015210846118515408,53.0
531,-6.713687428508392,-4.301507375009496,1.5224974684426698,0.00808205732390936,53.1
532,-6.708896312036772,-4.201798671304145,1.5229480079756195,0.0009436082171960407,53.2
533,-6.704114721467929,-4.102092326224139,1.5226858188163317,-0.006196325505089425,53.300000000000004
534,-6.699270984425659,-4.002379128672747,1.5217110760552528,-0.013329585644121036,53.400000000000006
535,-6.694293428533754,-3.902649867553239,1.5200245012124398,-0.02044788937440839,53.5
536,-6.689110381416012,-3.802895331768867,1.517627375678208,-0.027542688894850308,53.6
537,-6.683650170696226,-3.7031063102229034,1.5145215637696852,-0.03460503499321895,53.7
538,-6.67784112399819,-3.603273591818615,1.5107095451325903,-0.041625446749690764,53.800000000000004
539,-6.6716115689457025,-3.503387965459267,1.506194456093468,-0.048593789731319274,53.900000000000006
540,-6.664889833162555,-3.403440220048131,1.5009801394349895,-0.055499165184553736,54.0
541,-6.657604244272544,-3.30342114448846,1.4950712019241363,-0.062329812903640924,54.1
542,-6.649683129899462,-3.203321527683525,1.4884730787692568,-0.06907303062205122,54.2
543,-6.64105456635478,-3.1031323908058908,1.4811596246300374,-0.07831268524771991,54.300000000000004
544,-6.631615857864745,-3.0028731953786645,1.4724133355122202,-0.09540603425071116,54.400000000000006
545,-6.621204348287062,-2.902618819835695,1.4619299087043187,-0.1126376650022026,54.5
546,-6.609650464926187,-2.8024505350667495,1.4496953198841573,-0.1300700487296602,54.6
547,-6.596784635086581,-2.7024496119616166,1.4356918122375273,-0.14775109923139376,54.7
548,-6.5824372860726985,-2.6026973214100786,1.4198989698937525,-0.16571163047271162,54.800000000000004
549,-6.566438845188999,-2.5032749343019165,1.402294980797461,-0.1839623065840303,54.900000000000006
550,-6.548619739739939,-2.40426372152692,1.382858116188161,-0.20249011827865823,55.0
551,-6.528810397029977,-2.305744953974855,1.3615684502931273,-0.22125448374115844,55.1
552,-6.506841244363568,-2.2077999025355117,1.3384098362480907,-0.24018315769665988,55.2
553,-6.4825427090451715,-2.1105098380986713,1.313372141539976,-0.259168240264489,55.300000000000004
554,-6.455745218379245,-2.0139560315541147,1.2864537273834187,-0.27806270332745564,55.400000000000006
555,-6.4262791996702475,-1.918219753791632,1.2576641307016427,-0.2966779854310469,55.5
556,-6.3939750802226305,-1.8233822757009897,1.2270268747996618,-0.3147833261406368,55.6
557,-6.358663287340857,-1.729524868171977,1.1945822965882407,-0.3321075861417726,55.7
558,-6.3201742483293835,-1.6367288020943753,1.1603902371892187,-0.3483442897653625,55.800000000000004
559,-6.278339067910636,-1.5450755793561033,1.1245933587352932,-0.3583622343739972,55.900000000000006
560,-6.233071347215041,-1.4546748329507544,1.0885824117439873,-0.354209841804994,56.0
561,-6.184445192893801,-1.3656909279247973,1.0528141361148176,-0.3514486806123434,56.1
562,-6.132553192527014,-1.2782945312835083,1.017173110762861,-0.35005122257150767,56.2
563,-6.077487933694776,-1.1926563100321572,0.9815453530706164,-0.34999287108283644,56.300000000000004
564,-6.01934200397718,-1.1089469311760143,0.9458182180732184,-0.35125184314595037,56.400000000000006
565,-5.958207990954329,-1.0273370617203548,0.9098803186421067,-0.3538085106861404,56.5
566,-5.894178482206309,-0.9479973686704368,0.8736215012532217,-0.35764421252555817,56.6
567,-5.827346065313218,-0.8710985190315359,0.8369329118977763,-0.3627395243743286,56.7
568,-5.757803327855152,-0.7968111798089225,0.7997071877041234,-0.3690719560871185,56.800000000000004
569,-5.685642857412206,-0.7253060180078658,0.761838811531489,-0.3766130351609842,56.900000000000006
570,-5.610957241564482,-0.6567537006336406,0.7232246686753573,-0.3853247360607298,57.0
571,-5.533839067892062,-0.591324894691507,0.6837648462113979,-0.39515523061895846,57.1
572,-5.45438092397505,-0.5291902671867398,0.6433637154864533,-0.40603397079508646,57.2
573,-5.3726753973935395,-0.47052048512460887,0.6019313356506049,-0.41786617762655603,57.300000000000004
574,-5.288815075727624,-0.415486215510384,0.559385209433594,-0.4305269052946576,57.400000000000006
575,-5.202895965318788,-0.36423249974772676,0.5165847559748792,-0.4193398087535933,57.5
576,-5.11504174556026,-0.31669695364918327,0.47567311217299635,-0.3994940084729022,57.6
577,-5.0253895074097015,-0.27271666556474533,0.43682015863258417,-0.37845820007177616,57.7
578,-4.934076429968301,-0.23212806315743048,0.4000826307550632,-0.35670384258247884,57.800000000000004
579,-4.841239692337248,-0.1947675740902561,0.36548820888939126,-0.33463369919503405,57.900000000000006
580,-4.747016473617738,-0.160471626026242,0.33304033589335036,-0.31257658950149,58.0
581,-4.651543952910946,-0.12907664662840068,0.3027230727364617,-0.29078814129475716,58.1
582,-4.554959309318068,-0.10041906355975216,0.27450572624220193,-0.26945565508391744,58.2
583,-4.457399721940294,-0.07433530448331392,0.248347078573761,-0.24870537702496837,58.300000000000004
584,-4.359002369878811,-0.05066179706210332,0.2241991290722297,-0.22861080744218357,58.400000000000006
585,-4.2599044322348165,-0.029234968959139296,0.20201032163532026,-0.20920104222284466,58.5
586,-4.160243088109485,-0.009891247837436369,0.18172827510243234,-0.1904684838971143,58.6
587,-4.060155516604013,0.0075329386399866916,0.1633020625240998,-0.17237553441525744,58.7
588,-3.959778896819589,0.023201162810112225,0.14668410113396976,-0.1548600836591809,58.800000000000004
589,-3.8592504078574015,0.0372769970099229,0.13183172177098526,-0.13783974222535827,58.900000000000006
590,-3.7587072288186465,0.04992401357640035,0.11870848746251161,-0.12121484615937793,59.0
591,-3.6582737818170905,0.06129966232697509,0.10700799008336408,-0.11166342561693064,59.1
592,-3.5579798231107014,0.07151595966014156,0.09615386822121387,-0.10362535485373164,59.2
593,-3.4578125288131445,0.08066448629019352,0.0861441050187297,-0.09536960711881723,59.300000000000004
594,-3.357758870939151,0.08883672497728672,0.076992482888342,-0.08692516465174521,59.400000000000006
595,-3.2578058215034593,0.09612415848157635,0.06871085629210548,-0.07831897751113644,59.5
596,-3.1579403525207868,0.10261826956321914,0.06130930736240945,-0.06957592739487121,59.6
597,-3.058149436005873,0.10841054098237021,0.05479629732821976,-0.06071886196793403,59.7
598,-2.958420043973448,0.11359245549918533,0.04917881006267934,-0.05176869079319015,59.800000000000004
599,-2.8587391484382443,0.11825549587382013,0.04446248459946679,-0.04274453383693002,59.900000000000006
600,-2.759093721415,0.12249114486643008,0.040651733979232045,-0.03366391373964642,60.0
601,-2.6594707349184334,0.12639088523717143,0.03774984827188024,-0.02454298348848342,60.1
602,-2.5598571609632823,0.13004619974619963,0.035759080069000804,-0.015396781696994521,60.2
603,-2.460239971564278,0.13354857115367028,0.03468071115157057,-0.0062395083006797965,60.300000000000004
604,-2.360606138736153,0.13698948221973914,0.03451509941336196,0.0029151859597018478,60.400000000000006
605,-2.2609426344936456,0.14046041570456164,0.03526170546540184,0.012053902426838745,60.5
606,-2.161236430851473,0.144052854368294,0.036919098668780036,0.021163195613569382,60.6
607,-2.0614762412683456,0.14784294781523333,0.03892989980217412,0.016772291889480307,60.7
608,-1.9616626449636643,0.15180236938685707,0.0402447264096279,0.009557404552854133,60.800000000000004
609,-1.8618011702773154,0.15585921615287737,0.040840291828525895,0.002364353591199977,60.900000000000006
610,-1.7618973619912444,0.1599414404131939,0.0407177719954162,-0.004812327629850489,61.0
611,-1.6619567648873739,0.16397699446770717,0.039877977837471205,-0.011978126687875106,61.1
612,-1.5619849237476484,0.16789383061631674,0.0383213585538053,-0.01913839510058533,61.2
613,-1.461987383354006,0.1716199011589225,0.03604801549487009,-0.026298192083987225,61.300000000000004
614,-1.3619696884883834,0.17508315839542443,0.033057726638055535,-0.03346212769885465,61.400000000000006
615,-1.261937383932726,0.17821155462572214,0.029349981727875327,-0.040634204151171555,61.5
616,-1.1618960144689563,0.18093304214971603,0.024924028210117705,-0.04781765422057452,61.6
617,-1.0618511248790194,0.18317557326730574,0.019778928137196096,-0.055014776072997026,61.7
618,-0.9618082599448523,0.1848671002783912,0.013913626252485756,-0.062226764075163546,61.800000000000004
619,-0.8617729644483929,0.18593557548287226,0.007327029470312829,-0.06945353567542242,61.900000000000006
620,-0.7617507831715856,0.18630895118064889,1.809795075197092e-05,-0.07669355495373226,62.0
621,-0.6617472608963538,0.18591517967162097,-0.008014052080433456,-0.0839436540780968,62.1
622,-0.561767942404642,0.18468221325568843,-0.01677003370159782,-0.09119885463731324,62.2
623,-0.4618176345508858,0.18255129984356708,-0.02576652266073236,-0.08673838353473255,62.300000000000004
624,-0.3618961248143858,0.17955412395145565,-0.03409032806268892,-0.07978991166542668,62.400000000000006
625,-0.26200111037304513,0.17576003210692567,-0.04171874204369981,-0.07282649443420514,62.5
626,-0.16213028151650974,0.1712384949463632,-0.048651014400174636,-0.06585523426962907,62.6
627,-0.06228132853444635,0.1660589831061551,-0.05488681463275529,-0.05888165009897556,62.7
628,0.03754805828348498,0.16029096722268807,-0.06042613125590097,-0.05190982272432382,62.800000000000004
629,0.1373601886476243,0.1540039179323487,-0.06526918102238155,-0.044942545283969786,62.900000000000006
630,0.23715737226830466,0.14726730587152406,-0.06941632826983342,-0.037981476503137206,63.0
631,0.3369419188558805,0.14015060167659993,-0.07286801449009032,-0.031027295024717048,63.1
632,0.4367161381206844,0.1327232759839633,-0.07562469814513403,-0.02407985363343446,63.2
633,0.5364823397730569,0.1250547994300009,-0.077686804702632,-0.017138332639656334,63.300000000000004
634,0.6362428335233377,0.1172146426510993,-0.07905468683532339,-0.010201392069668453,63.400000000000006
635,0.7359999290818601,0.1092722762836457,-0.07972859471817992,-0.0032673226173962995,63.5
